,utente,commento,hotel,dataIns,url
0,,"I gestori sono molto gentili e disponibili, la colazione e' ricca e offre molti prodotti tipici e di produzione propria. La posizione in un aranceto e la vista sull'Etna sono decisamente notevoli. Qualche problema con la televisione che non riusciva a sintonizzare i canali, francamente un problema marginale. Per raggiungere le camere dal parcheggio bisogna fare un breve tratto a piedi (cinquanta metri), in caso di pioggia puo' essere scomodo, ma garantisce silenzio e tranquillita'.‚Ä¶",,,
1,,"Ci siamo  fermati solo due notti ma √®  stata una  esperienza positivissima. Location  incantevole, proprietari gentilissimi e professionali. Rapporto qualit√†  prezzo imbattibile. Lo consiglio vivamente anche  perch√©  in posizione  strategica  per visitare Taormina  e dintorni pur essendo  tranquillo e silenzioso, immerso come √®  in un grande aranceto. Notevole anche la colazione con dolci freschi prodotti di alta qualit√†  . Ci torneremo  sicuramente ‚Ä¶",,,
2,,"Pasqua 2019. Tutto perfetto. Dire altro significa dimenticare qualcosa. Alessandro e la moglie cordiali e ospitali. posto tranquillo nel verde , colorato di arancione üçä e giallo üçã Buona vacanza a tutti.",,,
3,,Siamo stati in questo fantastico bed and breakfast servizio da 5stelle Laura e‚Äô alessandro sono fantastici camera super pulitissima ritorneremo sicuramente il breakfast e stato delizioso con prodotti freschi ,,,
4,,"Ci hanno assegnato una grande camera al piano rialzato molto pulita, arredata con gusto,  molta attenzione ai partcolari con comodissime prese usb e tv interattiva, bagno spazioso e dotato di ogni accessorio ma la vera sorpresa √® stata la colazione... torte fatte in casa e cornetti non congelati oltre alla grande simpatia di Alessandro e Laura prodighi di molti consigli. Ottimo rapporto qualitƒÅ prezzo. Superconsigliatissimo‚Ä¶",,,
5,,"ho soggiornato presso questa struttura dopo aver letto varie recensioni, che aggiungere ancora, tutto ottimo , la casa √® inserita in un aranceto e si pu√≤ fare la colazione all'aperto . Le stanze e il bagno sono perfetti e pulitissimi.un grazie  a Alessandro e Laura.",,,
6,,Ottima location ottima sistemazione. Una perfetta sistemazione per chi vuole visitare Taormina e dintorni. Facile da raggiungere.Stanza perfetta ed ampia. Nulla da eccepire. Servizio ottimo e prima colazione molto soddisfacente.Un punteggio pieno a 5 stelle !Alla prossima,,,
7,,"Ne avrei date 10,100,1000 di stelle ma il massimo √® 5....solo di cortesia da parte di Laura e Alessandro e dalla simpatia del mitico amico a 4 zampe....ci hanno aiutato a trovare tutte le localit√† indicandoci le vie da percorrere e sempre disponibili a tutto pur di aiutarci essendo la prima volta in Sicilia!!!! Appena arrivate ci siamo trovate immerse da aranceti dal profumo fantastico, camera con visuale panoramica e difronte a noi l Etna... Lontane dal caos cittadino, abbiamo respirato pace e tranquillit√†!!!! camere ampie, pulizia eccellente, colazione ricca di tutto, dal dolce al salato!!! Rapporto qualit√† prezzo ottimo!!!! Sarei rimasta volentieri un altra settimana!!!! Davvero davvero tutto fantastico",,,
8,,"Da subito abbiamo riscontrato gran cortesia e disponibilit√† da parte di Alessandro, dalla fase della prenotazione al ricevimento in struttura. Gentilissima la moglie e simpaticissimi, una gran accoppiata. Disponibilissimi anche nell'indicarci spiagge e paesi da visitare e locali dove poter cenare con piatti locali. Camere pulite e colazione abbondante. il Top. Grazie mille per il splendido soggiorno. Stefania e Massimo",,,
9,,"Poco distante da Taormina, questo delizioso B&B immerso in un agrumeto √® stata una piacevole esperienza. Camera spaziosa, ben arredata e pulita, con tutti i comfort, compreso un buon set da bagno. Unica ( leggera) pecca la colazione del mattino non per quantit√† ma per qualit√†. Ci aspettavamo magari prodotti a km zero e non i succhi Parmalat o marmellate industriali e magari anche lo yogurt naturale. Ci√≤ non toglie nulla al giudizio pi√π che positivo, soprattutto verso i due titolari, gentilissimi, che si prodigano con cortesia nel venire incontro alle richieste dei clienti. Molto soddisfatti.",,,
10,,Ottimo luogo per un soggiorno tranquillo a pochi minuti da Taormina ed altre localit√† turistiche. Camere ampie e pulite. Colazione ottima. Bella tutta la sistemazione degli esterni compreso un agrumeto che circonda il luogo. Molto gradevole  la vasca esterna  con vista Etna per piacevole idromassaggio pomeridiano al rientro.,,,
11,,"Siamo stati tre notti in questo incantevole posto!Tutto curato nei minimi particolari! Si vede proprio che i due dolcissimi e gentilissimi proprietari mettono amore e passione per rendere la permanenza dei loro ospiti meravigliosa!Laura premurosa e dolcissima ( vedendo che le mie figlie non avevano toccato cibo a colazione ci ha addirittura preparato dei paninetti al prosciutto da portare via) Alessandro sempre pronto a consigliare locali dove cenare, posti da vedere e strade  da percorrere!!!Consiglio vivamente questo posto a due passi da Taormina ma immerso nella tranquillit√† assoluta!!!!Stanze grandi e nuovissime!",,,
12,,"Io e il mio ragazzo abbiamo soggiornato in questo b&b tre notti. L‚Äôabbiamo scelto grazie alle recensioni positive degli utenti di Tripadvisor e non possiamo che confermare: posto meraviglioso vicino a Taormina e Giardini Naxos, ma nella quiete di un aranceto stupendo con vista sull‚ÄôEtna; camera e bagno molto spaziosi e dotati di ogni confort (materasso molto comodo, cassaforte, frigo, bollitore, ecc.); pulizia molto accurata sia in camera che negli spazi comuni; posto auto; proprietari deliziosi, amanti del proprio lavoro e pronti a fornire consigli su luoghi da visitare e ristoranti nella zona; colazione dolce e salata sempre fresca e varia, consumabile all‚Äôinterno o in giardino; vasca idromassaggio a disposizione dei clienti. Insomma, lo consiglio davvero a tutti! Grazie ancora ai proprietari!",,,
13,,"B&B ottimo per chi vuole visitare la zona di Taormina e dell'Etna soggiornando in un luogo tranquillo. In pochi chilometri si raggiungono le spiagge di Giardini Naxos e le localit√† turistiche della zona. Molto gentili i proprietari, che ci hanno ben consigliato anche sui ristoranti. Molto buone le camere, ottima la colazione, gradevolissimo l'ambiente (prato, giardino, vasca idromassaggio). Tornerei senz'altro.",,,
14,,"B&B davvero bellissimo,immerso negli agrumeti con vista Etna. Camera pulitissima e arredata nuova. Colazioni con di tutto e di pi√π. Proprietari gentilissimi e simpatici e sempre pronti a dare consigli x visitare luoghi o su spiagge.",,,
15,,"In questo posto meraviglioso e accogliente ci ha dato una gioia immensa di ritornare e trovare una accoglienza sempre stupenda e cordiale. La camera bella moderna, spaziosa e soleggiata che ci fatti sentire subito a nostro agio, i prodotti della colazione ogni giorno freschi fatti da Laura e Alessandro. La gentilezza estrema dei propietari ci ha fatti sentire come a casa. Lo consigliamo di cuore ai viaggiatori che si recano in Sicillia. A presto, grazieeeeee!!!!! Giuseppe e Natali",,,
16,,Semplicemente Meraviglioso!!!Nel tour della nostra vacanza sfortunatamente abbiamo pernottato in questo B&B solamente una notte.Da subito abbiamo riconosciuto una professionalit√† indescrivibile.Dalla buonissima colazione alla comodit√† della camera...TUTTO PERFETTO!!!Ringraziamenti infiniti ai propretari del B&B che ci hanno permesso di vivere una bellissima esperienza!!!A presto!!!ci ritorneremo!!!Grazieeee!!!Pietro e Valentina.,,,
17,,"Ho alloggiato in questo b&b per 5 giorni a luglio con la mia famiglia e ci siamo trovati molto bene. La camera era molto spaziosa  e soprattutto molto pulita , l'arredamento nuovo e la doccia bella grande . In camera c'√® l'aria condizionata , la cassaforte e il mini frigo , l'unica cosa che manca a mio avviso √® la zanzariera alla porta finestra che da sul balcone  perch√© la notte fa molto caldo e quindi si √® costretti ad accedere l'aria condizionata ma io nn la amo particolarmente avrei preferito tenere la finestra aperta , c'√® una finestra in bagno che ha la zanzariera ma √® piccolina nn entrava molta aria. Il giardino √® molto curato ed √® presente una vasca idromassaggio a disposizione degli ospiti. La colazione buona . I proprietari gentili e disponibili . Il b&b si trova a pochi kilometri da Taormina .",,,
18,,"Ho soggiornato una sola notte insieme al mio ragazzo in questo B&B .. che dire.. fantastico.. struttura moderna immersa nel verde, curata in ogni minimo dettaglio, pulizia eccellente, personale disponibile e gentile! Lo consiglio !",,,
19,,"Soggiornato in 3 per 1 notte. Tutto perfetto: struttura, aranceto e giardino, vista Etna, posizione prossima a Giardini Naxos, Taorimina e dintorni, accoglienza,camera,prima colazione e soprattutto il supporto dei gentilissimi gestori.Da consigliare e ritornarci !",,,
20,,"Cortesia, servizi, tranquillit√†, e siamo al centro. L'auto la vengono a prendere dal parcheggio con garage da pagare 20 ‚Ç¨ a parte. L'hotel √® al centro e non √® poco. ma come si f√† ad avere un wc, attaccato alla doccia, e dove se si √® alti nella media non si pu√≤ utilizzare in santa pace e comodi. Se ristrutturate le camere, si pu√≤ arrivare a voti superiori, le potenzialit√† ci sono tutte, Basta applicarsi, come dimostrate con una colazione veramente che merita, e non dimenticate che siete nellla zona pi√π bella del sud‚Ä¶",,,
21,,"Hotel datato,ma accettabile. Buona pulizia,posizione ottima 100 metri da corso Umberto. Tv in camera molto piccolo,io ho preso una Superior ristrutturata da poco,ho visto le altre camere standard e non sono state di mio gradimento. Personale eccezionale,garbato e gentile.",,,
22,,"Siamo stati in questa splendida struttura in occasione di un evento enogastronomico. Molto comodo, pulito e ben fatto. Oltre a tutti i pregi elencati si trova al centro di Taormina e non √® poco! Ritorneremo ... CONSIGLIATISSIMO",,,
23,,"Hotel molto grazioso, centralissimo, situato a pochi passo dal meraviglioso centro di Taormina, personale gentilissimo e disponibile. Camere pulite e spaziose, dotate di ogni confort necessario. Colazione ottima da gustare in terrazza con una vista mozzafiato che se ci penso ancora adesso √® da brivido!  Ci torneremo sicuramente perch√® ci siamo trovati davvero benissimo, complimenti per tutto, continuate cos√¨!‚Ä¶",,,
24,,"Abbiamo trascorso un week end molto speciale in questo grazioso e confortevole albergo stile anni 60, sito in una posizione stupenda a pochi passi da piazza Duomo. La nostra stanza, piccola ma comoda, aveva un terrazzino con affaccio sul Duomo...veramente delizioso. Infatti, abbiamo approfittato per goderci il panorama e soprattutto l‚Äôatmosfera quasi incantata che si √® creata...Personale impeccabile e disponibile...La sala della prima colazione gode di un affaccio incantevole sulla baia di Giardini. Ci torneremo...per ‚Äúricaricare‚Äù le batterie dopo lo stress del quotidiano.‚Ä¶",,,
25,,"Abbiamo trascorso un weekend a Taormina per lavoro e non potevamo trovare un hotel migliore! Centralissimo, camera ampia e confortevole con annesso un bagno enorme, il tutto ovviamente pulitissimo, la mattina abbiamo gustato un ottimo colazione dove non mancava praticamente nulla. Bellissimo il terrazzo con una vista spettacolare (vedi foto). Un plauso al personale che definire gentilissimo √® poco.",,,
26,,"A due e dico due passi dal magnifico lungomare di Reggio l‚Äôhotel offre camere spaziose, dall‚Äôarredamento spartano ma molto pi√π che funzionale, dotate di frigo bar e bagni ampi e pulitissimi ( ho sfruttato varie volte la struttura e sono sempre stato soddisfatto). Alcune stanze sono con splendida vista mare ... altre danno sulla strada. Quelle vista mare sono non solo con vista migliore ma anche pi√π silenziose ovviamente.  Meglio chiedere vista mare all‚Äôatto prenotazione anche se io sono stato bene in tutte. La colazione ( dalle 7 alle 10) e‚Äô di soddisfazione. Non propone cibi caldi ma i dolci sembrano fatti in casa ... davvero ottimi ( meno le brioche). L‚Äôaccoglienza e‚Äô sempre ottima e la gentilezza non √® mai mancata. Ogni volta che vado a Reggio alloggio qui.. e continuer√≤ a farlo.",,,
27,,"A due passi da piazza Duomo a Taormina, hotel non nuovissimo ma ben tenuto, camera superior ristrutturata da poco, accogliente e pulita, colazione buona servita su una splendida terrazza panoramica. Antonio alla reception un esempio di cordialit√† ed ospitalit√†.",,,
28,,"Sono tornato per la 2 volta in 2 anni a Taormina e per la 2 volta ho scelto il Continental.La gentilezza e simpatia di tutto il personale, la posizione centralissima, la funzionalit√† dei suoi ambienti e la su citata terrazza panoramica. E non ce 2 senza 3 .... quando ritorner√≤ a Taormina torner√≤ al Continental",,,
29,,"Il mio soggiorno a Taormina non sarebbe stato cos√¨ piacevole se non avessi avuto la fortuna di pernottare in questa struttura. Gentilezza e disponibilit√† del personale, della reception ma anche della sala ristorante, pulizia delle stanze ed eccellenza della colazione rendono questo albergo uno dei pi√π belli nei quali abbia mai pernottato. Non mi ritrovo affatto nelle recensioni negative che parlano di colazioni scarse e di camere vecchie: la prima era squisita e le seconde nuovissime. Un angolo di paradiso situato al centro di Taormina e che offre tutte le comodit√† idonee a rendere una villeggiatura memorabile. Complimenti!",,,
30,,"Hotel in posizione centrale dalle cui finestre nei giorni di sereno si puo' ammirare l'etna e la spaggia di Giardini Naxos, camere pulite e confortevoli, personale gentilissimo e sempre pronto ad esaudire ogni richiesta. Consigliato vivamente.",,,
31,,"Hotel situato in posizione centralissima e quindi molto strategica. Camere pulite e confortevoli. Vista incantevole dal terrazzone. Personale alla reception davvero gentilissimo e disponibile. Purtroppo trovandosi in ""centrissimo"" non esiste parcheggio in loco ma c'√® la possibilit√† di usufruire di un parcheggio privato con servizio di ""car valet"" ad un prezzo ragionevole.",,,
32,,"Personale professionale e cortese, bella terrazza panoramica, posizione centrale ottima, per il resto da cancellare. Struttura anni 50 /60,camera fatiscente con arredi vetusti e logori, bagno scandaloso!!!! Doccia con tenda, specchio tutto scrostrato, l'arredo penso mai sostituito, una vera tristezza... Colazione mediocre, struttura con grandi potenzialit√† ma da ristrutturare completamente, non capisco come faccia ad avere tre stelle.... Prezzo non assolutamente rapportato alla qualit√† della struttura.",,,
33,,"Quando in un hotel incontri professionalit√† e pulizia, penso sia davvero il connubio perfetto, vista panoramica affascinante, personale attento all‚Äôesigenze del cliente, e camera pulita. Un grande grazie a tutti. Spero di ritornare presto.",,,
34,,"Siamo rimasti molto contenti del nostro soggiorno, a partire dal check in dettagliato e accogliente, la camera molto pulita in ogni dettaglio, abbiamo anche preso qualcosa da bere al bar gentilmente accompagnato da un tagliere di deliziosi formaggi e per non parlare della colazione la mattina con un ottimo caff√® con vista mare e monti (Etna), non ci sono parole per descrivere la gentilezza e l'attenzione di tutto il personale. Vivamente consigliato",,,
35,,"Taormina √® una location di lusso e piena di alberghi meravigliosi ma in questo albergo ci si sente a casa fin dall‚Äô arrivo. La cortesia del personale, la meraviglia della terrazza tra le pi√π belle di Taormina e i prezzi contenuti ne fanno il luogo ideale per un qualsiasi tipo di soggiorno. La colazione √® buonissima e degna di un albergo di categoria superiore. La vista meravigliosa non fa rimpiangere la presenza di una piscina che con un mare come quello di Taormina non ha senso di esistere. Grazie dello splendido soggiorno.",,,
36,,Siamo stati a Taormina e abbiamo soggiornato al Continental.Ottimo hotel si trova a due passi dalla piazza centrale un bel terrazzo panoramico dove si pu√≤ ammirare sua maest√† Etna e uno splendido mare.Personale molto cortese e simpatico e molto disponibile a darti tutte le informazioni possibili.Ci torneremo.,,,
37,,"Abbiamo soggiornato a Marzo per un week end a Taormina. Sicuramente data la bassa stagione abbiamo goduto di un prezzo decisamente scontato, ma non per questo la qualit√† dei servizi √® stata da meno. La camera, dotata di un balcone, era pulita,spaziosa e luminosa, non eccezionale nel gusto estetico, per√≤ dotata di tutti i comfort necessari, con bagno e doccia davvero molto comodi. La location dell'hotel davvero strategica, con un'uscita sul retro del giardinetto in pieno centro. Colazione anche abbondante e abbastanza varia, servita in una sala con una incantevole vista sull'Etna. Cosa chiedere di pi√π? Assolutamente consigliato",,,
38,,"POSiZIONE incantevole con vista mare e sul vulcano Etna, a due passi dal centro.Rapporto qualit√† prezzo sostenibile con personale disponibile e attento alle esigenze della clientela. Colazione super!",,,
39,,"Ottimo hotel,dove il cliente √® seguito nei minimi dettagli,e si sente davvero valorizzato.Abbiamo fatto colazione nella terrazza,con vista mare,e devo dire che vorrei potermi svegliare tutte le mattine l√¨.Taormina poi √® stupenda come citt√†.",,,
40,,"Soggiorno molto piacevole e rilassante, con vista unica che racchiude il vulcano Etna ed il golfo di Naxos! Personale molto attento e meticoloso! La camera stupenda e molto pulita. La struttura dispone di una piscina con vista! Sono inoltre disponibili dei servizi navetta per il centro storico di Taormina ed anche per il mare! La colazione sia salata che dolce danno la possibilit√†, tra i vari prodotti disponibili, di gustare delle prelibatezze legate al territorio! Consigliatissimo!‚Ä¶",,,
41,,"Abbiamo deciso di trascorrere la ns luna di miele in questo raffinato boutique hotel. Tutto, dalla camera al ristorante al servizio del personale cortese e attento a ogni richiesta , ci √® sembrato perfetto. L‚Äôhotel, situato in posizione elevata (Taormina alta, sotto Castelmola) gode di una vista spettacolare, unica e ineguagliabile che domina sul mare e parte della citt√†. Le stanze e ogni ambiente dell‚Äôhotel √® arredato con gusto e cura del dettaglio. Nulla √® lasciato al caso e per ogni richiesta si ha la sensazione che il personale √® attento e pronto a soddisfare il cliente. Tutto lo staff , dagli autisti alla reception ai camerieri, cuochi e signore pulizie lavorano in maniera incredibile per assicurare il massimo. Il cliente si sente coccolato in ogni momento. La qualit√† del cibo √® ottima. Le stanze offrono ogni comfort (la ns junior suite era impeccabile: spaziosa con un bagno ampio e bellissimo e una terrazza con vista mare). Sicuramente sceglieremo ancora questa struttura , elegante come i suoi proprietari (o l‚Äôaltra gemellata, Villa Carlotta, in Taormina bassa).‚Ä¶",,,
42,,"Hotel Villa Ducale √® un posto unico nel panorama Taorminese. Gode di una posizione privilegiata che gli da una visuale dall'alto su tutta la citt√† e il golfo regalandoti attimi di magia e serenit√†. La mia stanza era molto grande finemente arredata. Ogni particolare √® tenuto di conto e l'ospite non √® mai lasciato a s√© stesso costantemente coccolato dai dipendenti e non √® raro incontrare la proprietaria, persona squisita, che si prodiga affinch√© tutto sia in linea con le aspettative della propria permanenza in Hotel. Spero di avere in futuro occasione di tornare a Taormina e di poter nuovamente soggiornare in questa splendida struttura.‚Ä¶",,,
43,,"A seguito di una cena romantica e deliziosa presso il ristorante di Villa Ducale, che si presenta  riservato, curatissimo e con vista mozzafiato sull‚ÄôEtna e sul golfo di Giardini Naxos, io e il mio compagno abbiamo avuto modo di pernottare ln una delle suite dell‚Äôalbergo.  E che dire, tutto magnifico! La location pi√π bella che io abbia mai visto, un vero e proprio angolo di paradiso !  La suite, pulitissima, elegante e spaziosa, gode di tutti i comfort. Anche in questo, cosi come per tutta la struttura in generale, si vede riflesso il buon gusto dei proprietari, gentilissimi ed ospitali !  La consiglio a chiunque volesse trascorrere dei giorni di paesia e relax a Taormina !‚Ä¶",,,
44,,"Posizione magnifica e panoramica! Hotel dotato di ogni comfort, facile da raggiungere, camere comode e moderne, personale gentilissimo e disponibile, colazione eccezionale. Paragonabile a pochi altri hotel in cui siamo stati, assolutamente consigliato,",,,
45,,"La posizione della struttura, la cura dei dettagli, la gentilezza dello staff, la cortesia dei padroni di ""casa"" rendono questo boutique hotel un vero e proprio gioiello di Taormina. La mia famiglia si √® sentita ""coccolata"" sin dal momento della prenotazione. Se potessi dare un giudizio da uno a dieci direi 10 e lode!",,,
46,,"La nostra  vacanza a Villa Ducale e stato un piacevolissimo ed inaspettato intermezzo . Questa incantevole Villa domina la citt√† ed il suo mare offrendoti viste mozzafiato dalla terrazza del ristorante e dalle singole stanze. La sapiente regia dei proprietari e dello staff nella cura degli arredi e dei dettagli sembra portare i profumi e i colori nelle stanze e nelle sale direttamente dalMare e dalla natura circostanti rendendo il soggiorno a Villa ducale un‚Äôesperienza davvero unica. Sontuosa  la colazione in terrazza! Grazie a tutti lo staff per averci accudito, a Daria, Manila e Margherita per la squisita gentilezza e disponibilit√†. Un ringraziamento speciale al direttore Paolo per aver assicurato il famoso microclima di Taormina ... e alla straordinaria Signora Rosaria, un incontro davvvero indimenticabile .",,,
47,,"L‚Äôhotel √® assolutamente incantevole curato in ogni dettaglio da dove si pu√≤ godere di una vista spettacolare, ma ci√≤ che lo rende unico e‚Äô il personale che ti accoglie. Ad iniziare dalla ‚Äòpadrona di casa‚Äô la signora Rosaria che con la sua squisita ospitalit√† rende indimenticabile il tuo soggiorno, Daria, Manila, Margherita e tutto lo staff per la loro simpatia, efficienza e disponibilit√†. Ringrazio infine Paolo che con la sua professionalit√† ci ha dato l‚Äôopportunit√† di conoscere questa splendida realt√†. Non vediamo l‚Äôora di tornarci",,,
48,,"Una vista che toglie il fiato, i pensieri e qualsiasi forma di stanchezza. Il posto ideale per trascorrere una vacanza rilassante. Un'accoglienza che fa subito sentire a Casa, senza essere a casa, coccolati sotto ogni aspetto. La nuova piscina d√† quel qualcosa in pi√π a un hotel che reputo fra i migliori del mondo, per posizione, per staff, per qualit√†, per pulizia, per servizi e per il suo design. Nulla √® lasciato al caso, ogni cosa √® curata nei minimi dettagli, con estremo amore e palpabile passione.La colazione √® talmente ricca da lasciare di stucco e da riempire piacevolmente occhi e... pancia!Il ristorante √® gestito da un bravissino chef che crea piatti meritevoli di essere assaggiati. E poi, come si fa a non pranzare o cenare in un posto cos√¨ romantico, vista mare e vista Etna? Sembra il Paradiso!Tutto fa venire voglia di abbandonarsi al relax estremo e di tornare ancora, ancora e ancora.Un luogo magico, che resta nel cuore.",,,
49,,"Villa Ducale √® un hotel che merita a pieno titolo di essere annoverato tra i migliori al mondo (e le classifiche lo confermano ampiamente).La qualit√† dell'accoglienza √® altissima a 360¬∞, l'ospite √® coccolato dall'inizio alla fine della permanenza. Lo staff √® altamente qualificato, gentile, pronto, accorto e al top. Le camere sono un connubio perfetto tra architettura contemporanea e massimo comfort. La colazione viene servita in una terrazza che lascia letteralmente senza fiato. Stesso ambiente per il ristorante dove pranzo e cena risultano un'esperienza gastronomica notevole dovuta anche alla presenza di un executive Chef di altissimo livello.Ogni singolo aspetto della permanenza √® curato e gestito con la massima attenzione e l'esperienza risulta veramente di altissimo livello.Un assoluto punto di riferimento su Taormina. Per veri viaggiatori, per clienti esigenti che amano e conoscono profondamente il mondo dell'hotellerie.",,,
50,,"Viaggio spesso per lavoro per cui non amo molto gli Hotel e soprattutto i Grandi Hotel.Preferisco scegliere i Boutique Hotel per le atmosfere intime e di casa, eleganti ma non ingessate!Mi √® capitato di alloggiare qui 3 notti in vista di un evento a Taormina.Dire alloggiare √® dire poco: una esperienza fantastica!All‚Äôarrivo: il giovane team mi accoglie con un sorriso e mentre mi offrono da bere dell‚Äôottimo vino dell‚ÄôEtna sulla terrazza (l‚ÄôEtna che sta di fronte) le valigie sono gi√† in camera.Decido di pranzare, affamati dal viaggio: cucina con prodotti freschi, ricette del territorio ma con un pizzico di eleganza!Le camere sono delle opere d‚Äôarte, sembrano uscite fuori da una rivista di Design, con fraquanze per ambienti rilassanti, che ancora mi ricordo!Ottimi i consigli su cosa visitare a Taormina e dintorni, promuovendo il territorio.Sono stati giorni memorabili, indimenticabili e sono sicuro che torner√≤ di nuovo qui a Villa Ducale per il mio prossimo lavoro a Taormina‚Ä¶ e anche per vacanza!",,,
51,,"Siamo arrivati e tutti era gentili, ci hanno offerto da bere. La camera era fantastica e pure il bagno. Linea cortesia Etro. Ristorante e colazione fantastica . Bravi continuate cosi .Lusso, lusso lusso",,,
52,,"Un albergo metaviglioso , lussuoso tutto perfetto. Personale fantastico ti fanno sentire a casa. Tutto perfetto, camere spaziose, bagni in marmo metavigliosi, linea cortesia Etro, copriletto e lenzuola Etro. Colazione fantastica ad alto livello. Servizio impeccabile assolutamente da consigliare",,,
53,,"Grandissima professionalit√† e puntualit√† del personale; locali comodi, luminosi e molto spaziosi. Il tutto condito da una splendida cornice siciliana dovuta alla posizione panoramica del posto. Da provare assolutamente.",,,
54,,"Staff accogliente ed educato. Struttura pulita e silenziosa. Posizione invidiabile. Colazione a buffet abbondante, sia dolce che salata. Consigliato sia a chi viaggia in coppia che in famiglia! Esperienza da ripetere",,,
55,,"Panoramico e suggestivo, organizzato e con un personale puntuale e cortese. Stanza molto bella, illuminata e spaziosa nonostante fosse una singola. Colazione squisita. Massimo dei voti pienamente meritato!",,,
56,,"Un luogo incantevole, un paesaggio mozzafiato. Da un'altezza di 800 metri si gode una visione  incomparabile: il mare di Naxos e, sullo sfondo, l'Etna ammantata dalla prima neve. Una camera dotata di ogni confort, personale professionale e disponibile.Tutti i sapori della vera cucina mediterranea. Una vacanza indimenticabile, all'insegna della signorilit√† , del buon gusto e dell'accoglienza siciliana. Nunzia e Pippo",,,
57,,Albergo panoramicissimo  e in un oasi di tranquillit√†.Adatto alle coppie in viaggio di nozze un servizio assolutamente altissimo livello  5 stelle .dall colazione al ristorante. Una cura al dettaglio una perfezione incredibile in tutto . Veramente complimenti . Le divise di lino mi hanno dato una sensazione di fresheza ed eleganza . Il personale veramente qualificato,,,
58,,Location magnifica arricchita da uno staff professionale ed accogliente. Le camera sono dotate di ogni confort. Vista incredibile. Certamente consigliato e presto ritorneremo a soggiornare in questa struttura!,,,
59,,"Sono stato ospite dell' hotel, servizio ottimo e personale qualificato e disponibile.La nostra camera bellissima e funzionale. Grazie all' hotel villa ducale che ha contribuito a rendere il mio soggiorno eccezionale",,,
60,,"La posizione: con affaccio sul Pantheon. La qualit√† dell‚Äôalbergo: di gusto tradizionale, dotato di tutti i confort della categoria. Le camere: accoglienti, molte con vista sul Pantheon. Il personale: cordiale, preciso e premuroso. La colazione: sufficientemente ricca e assortita. Il rapporto qualit√† prezzo: buono, in relazione a quanto sino a qui elencato. Se volete trattarvi bene, qui lo potete fare. ‚Ä¶",,,
61,,"L'albergo si trova affianco  al pantheon, a due passi da piazza Navona, Fontana di Trevi, piazza Venezia....tutti i monumenti pi√π  importanti sono raggiungibili in pochi minuti a piedi. La ns era una camera standard non molto grande ma con vista pantheon  e dotata di ogni confort, anche ciabatte e accappatoio. Il personale √©  stato professionale e molto cortese, si √©  fatto in quattro per soddisfare ogni desiderio. Migliorabile la colazione, dove sarebbe auspicabile un'offerta pi√π  variegata. All'ultimo piano c'√®  una terrazza  con vista stupenda sulla citt√†.  Albergo perfetto per trascorrere piacevolmente una vacanza a Roma, lo consiglio vivamente!‚Ä¶",,,
62,,"Eravamo inizialmente dubbiosi pi√π per la categoria del hotel che per altro invece siamo rimasti stupiti SERVIZIO, CAMERE,COLAZIONE da 4 stelle e conto da 3 stelle cosa volere di pi√π (per favore NON CAMBIATE) aggiungiamo una posizione strategica ineguagliabile a mio parere perch√© ci si trova nel cuore del centro storico di Roma.‚Ä¶",,,
63,,"Questo hotel √® in una posizione ideale per esplorare Roma. Situato in Piazza della Rotonda, la finestra della nostra camera era a soli 45 metri dal Pantheon. Lo staff era gentile e molto accomodante. La nostra camera era molto pulita e confortevole, con una buona colazione continentale ogni mattina. La parte migliore √® il bar sul tetto che abbiamo potuto sfruttare al meglio durante il tramonto. Quando torner√≤ a Roma questo √® il posto in cui vorr√≤ stare.‚Ä¶",,,
64,,"Vale da ogni punto di vista pi√π delle 3 stelle formali. Per posizione, estrema cortesia del personale, ampiezza e pulizia delle stanze e dei bagni, mini bar, ecc. nel mio caso una matrimoniale: √® davvero l'ideale per una coppia che voglia passare un we a Roma con un costo medio e concorrenziale rispetto ad un appartamento in B&B . La piazza del Pantheon √® sempre piena di gente che va e viene ma l'albergo √® silenzioso. Molto ricca la colazione . Esperienza molto positiva - unico piccolissimo neo non funzionava il bollitore dell'acqua in camera (ma a dire il vero non ne ho segnalato il malfunzionamento ne richiesto la sostituzione)‚Ä¶",,,
65,,"Grazie! Senza saperlo, avete contribuito a rendere indimenticabile anche questa prima tappa del nostro viaggio di nozze. Avevo letto delle ottime recensioni e la posizione era di tutto riguardo. Avevo prenotato una camera Deluxe con vista, ma non mi aspettavo sicuramente l‚Äôunica camera dell‚Äôhotel con balcone sul Pantheon e anche la bottiglia di Prosecco al nostro arrivo √® stata una cosa molto pi√π che gradita.Grazie, per la gentilezza e disponibilit√† alla reception, grazie per le attenzioni nella pulizia e riassetto della camera, grazie per tutto.E‚Äô ‚Äúsolo‚Äù un 3 stelle, ma ne vale molte di pi√π.Bravi!",,,
66,,Sempre una garanzia vado al Senato da almeno 30 anni e mi sono sempre trovato benissimo . Posto fantastico servizio eccellente veramente un bel posto .naturalmente bellissime le stanze sul pantheon .Buona la colazione.,,,
67,,"Eravamo gi√† stati qualche anno fa. Anche questa volta ci siamo trovati benissimo..Tutto perfetto, dalla posizione, all'accoglienza, alla pulizia, al confort, alla colazione.....insomma  una meraviglia.Ottimo anche il rapporto qualit√† prezzo.",,,
68,,"Eravamo stati all'albergo altre due volte e come prima ci siamo trovati benissimo. L'albergo e' bello, curato e molto accogliente che rende il weekend romano ancora piu piacevole! La nostra camera al sesto piano dell'hotel aveva il suo terrazzo privato che dava sulla Piazza della Rotonda dandoci un panorama unico del Pantheon.  La colazione √® buona e varia. La camera era assolutamente pulita e ben tenuta. Il personale era molto cortese e disponibile a ogni nostra esigenza. Ve lo consigliamo!",,,
69,,Posizione favolosa e camere classiche arredate con gusto visto il contesto offre pulizia e gentilezza ad un prezzo molto accessibile per quanto scritto sopra e con tutto  il centro Roma a disposizione in 5 minuti a piedi,,,
70,,"Hotel in posizione stupenda, personale gentilissimo, camere pulite e buona colazione.Sul terrazzo bellissimo bar all'aperto con visuale stupenda. Comodissimo lo spazio esterno davanti all'Hotel per fumarsi un sigaro o una sigaretta nella piazza per me pi√π bella di Roma.",,,
71,,"albergo accogliente e di classe, sono stato con mia moglie per lavoro e ci siamo trovati benissimo,comodo a tutti i servizi ed ottimo per visitare Roma. servizio attento e camere molto pulite. ci ritorneremo al prossimo viaggio. grazie",,,
72,,"Un meeting in questo hotel che e‚Äô proprio su una piazza fantastica a Roma, davanti al pantheon.Facile da raggiungere, e vicino a tanti monumenti di Roma che si raggiungono in un attimo.Ambiente pulito e confortevole.",,,
73,,"Sono appena tornata da una vacanza a Roma e ho soggiornato in questo bellissimo albergo..Posizione ottima di fianco al Pantheon..in centro storico...a pochi km dai migliori monumenti, che puoi raggiungere tranquillamente a piedi...L' albergo  con arredi raffinati ed eleganti, pulizia al top, e colazione molto valida. non per ultimo il personale gentile e disponibile.....sicuramente ci tornero'......",,,
74,,"Non posso che confermare tutte le recensioni precedenti. Camera standard ma con vista al primo piano dotata di tutto (compresi accappatoio e ciabattine). Riassetto stanza 2 volte al giorno (e vogliamo chiamarlo un 3 stelle???) colazione ottima sia dolce che salato, servizio di concergierie attento e sempre disponibile. In ultimo la posizione strepitosa. What‚Äôs else? La terrazza all‚Äôultimo piano ad uso dei clienti dove d‚Äôestate √® disponibile il servizio bar!!",,,
75,,"Tre stelle storico in posizione strategica, centrale e suggestiva: davanti al Pantheon.Camera un p√≤ piccola ma curata.Ottima la prima colazione anche con frutta e succhi freschi.Prezzi abbordabili tenuto conto della posizionePersonale gentile.Difficile pretendere di pi√π.Vale la pena tornare.",,,
76,,"Ottima √® strategica posizione, personale superlativo, pulizia e colazione eccellenti, unica pecca, l'albero di Natale non era all'altezza dell'hotel, poteva fare concorrenza a Spelacchio!Quindi lo consiglio vivamente",,,
77,,Posto molto bello e accogliente comodo personale molto gentile ottimo lo consiglierei per un lungo week end. Sono stata benissimo e tornero presto appena possibile. Rapporto qualita prexxprezzo.ottimo,,,
78,,Location super. Struttura molto bella e pulita con camere spaziose e molto belle. Terrazza al sesto piano con vista fantastica sul pantheon e su tutta Roma. Colazione molto varia. Personale gentilissimo e attento ad ogni esigenza.,,,
79,,"Posizione perfetta,personale magnifico,camere splendide....ci hanno anche fatto un upgrade di camera,rispetto a quella prenotata.Colazione ricca di tutto,comprese crostate ,macchina automatica per i pancake, succhi,yogurt,brioches freschissime, bacon,uova strapazzate, diversi tipi di pane,focacce....e molto altro.Camera assolutamente deliziosa,spaziosissima e silenziosissima,nonostante la posizione assolutamente centrale.Provato anche il bar dell'albergo che offre aperitivo davvero buoni e ricchi.Personale,come dicevo,disponibilissimo,cordialissimo,gentilissimo.Un motivo in pi√π per tornare a Roma, e torneremo presto.",,,
80,,Nel cuore di Roma! Stanza grande e con vista mozzafiato. Personale disponibile e cortese. Ottimo sia per un viaggio d affari sia per un soggiorno di piacere. Il prezzo assolutamente in linea con la qualit√† della stanza. ,,,
81,,"Siamo stati in questo splendido hotel solo una notte, sarebbe stato assolutamente bello starci di pi√π. Il personale √® stato puntuale, professionale e molto educato. Ci hanno contattato i giorni prima del nostro arrivo, ci hanno prenotato un transfer dalla stazione Roma termini, ci hanno accolto in modo impeccabile. La suite Tempesta, che avevamo scelto, √® molto bella sia per la posizione sia per la presenza di una grande casa idromassaggio. Il pavimento in legno a spina √® bellissimo ed i materiali dell‚Äôarredo sono Tutti ricercati e di tendenza. La domotica √® buona. Consiglierei solo di aggiungere Netflix in camera o altri servizi per TV. Colazione la mattina in terrazza vista su piazza Navona davvero INCREDIBILE . Consiglio questo posto a chi ama soggiornare in piccoli boutique hotel di design  Un grazie alla responsabile e a tutto lo staff‚Ä¶",,,
82,,"Non avessi letto le altre recensioni forse sarei arrivato con aspettative pi√π basse ed avrei messo cinque palle, arrivando in un cinque stelle, con cinque palle, primo hotel di Roma su TripAdvisor si arriva con un‚Äôaspettativa talmente alta che si rischia di rimanere un pochino delusi. Cosa mi √® piaciuto: -La vista, la vista, la vista: l‚Äôaffaccio su piazza Navona √® impagabile. -L‚Äôarredo: curato, elegante, ironico -La pulizia -rapporto qualit√†/prezzo buono  Cosa poteva andare meglio: -le dimensioni del letto -la sala della colazione e l√† colazione in generale -alcuni piccoli dettagli nell‚Äôarredo (fili elettrici troppo lunghi, piccole scalfitture nei mobili, soprammobili  con il prezzo sotto)...dettagli che fanno la differenza tra il molto buono ed il perfetto. -il fatto di essere un hotel di fatto senza servizi comuni a parte la reception e la terrazza √® penalizzante (no Spa, no ristorante, no palestra, no aree comuni), anche se questo lo si sa gi√† al momento della prenotazione. In sintesi: bello, posizione meravigliosa, stanze coinvolgenti, ma manca ancora qualcosina per arrivare alla perfezione‚Ä¶",,,
83,,"Palazzo affascinante, posizione unica come la vista direttamente sulla suggestiva Piazza Navona. Personale gentile e disponibile. Le camere originali, di un design moderno e curato nei minimi dettagli e colazione buonissima. Niente di meglio",,,
84,,"Hotel eccezionale, posizione fantastica, personale di una cortesia e professionalit√† superiore. Camera favolosa con vista su Piazza Navona. Servizi in camera di livello superiore. Terrazza stupenda. Vale veramente la pena soggiornare in questo fantastico hotel. ",,,
85,,Ho soggiornato nella bellissima suites Cappuccino. Da non perdere la vista dalla fantastica terrazza.La  stanza affaccia su una delle pi√π belle e famose piazze di Roma.Per colazione ho scelto l‚Äôomelette ed era deliziosa. Non ho resistito e ho scattato alcune foto che allego di seguito.,,,
86,,Una location unica con tutte le suite che si affacciano su piazza Navona con una vista mozzafiato. Le camere curate in ogni particolare offrono il massimo del piacere e del confort. Lo staff con discrezione offre cordialit√† ed efficienza . Il soggiorno in questa location regala un'esperienza unica nel centro di Roma,,,
87,,"Ho alloggiato in questo hotel per qualche giorno e devo dire che √® sempilcemente... FANTASTICO! Le camere erano fantastiche e arredate con ordine e classe, affacciavano su piazza Navona... meravigliosa! Il personale molto gentile e attento alle esigenze di tutti.",,,
88,,Le suite valorizzano al massimo la veduta di piazza Navona una delle pi√π belle del mondo. In particolare la suite dove ho soggiornato era prospiciente sulla fontana dei quattro fiumi e sulla basilica di Santa Agnese. Uno spettacolo unico. Le suite sono luminose e ben arredate in stile moderno e dotate dei pi√π moderni conforts. La prima colazione offre prodotti di prima qualit√† e piatti espressi molto gustosi.,,,
89,,Si trova proprio difronte a Piazza Navona la reception √® molto accogliente si mangia bene ed l'unico peccato e che nn si possono portare gli animali domestici Per√≤ ottimo hotel sopratutto grazie alla posizione,,,
90,,"La posizione si trova proprio davanti alla Fontana dei Quattro Fiumi di Bernini in Piazza Navona. Posizione ottima, andavamo camminando da per tutto ( vicino al Pantheon )! La suite meravigliosa, l'arredo e il design la rendono unica ( anche il bagno ). Pulizia impeccabile. Personale gentilissimo ! Hotel di altissimo livello! POSTO VERAMENTE INCANTEVOLE! Sono molto felice di averlo scelto !",,,
91,,Devo dire che questo hotel e bellissimo e vale i soldi che ho pagato per una suite. Ottimi servizi. Ottima colazione (ovviamente c'√® di tutto) √® ottimo io personale gentile e simpatico grazie per questo soggiorno,,,
92,,Location favolosa che si staglia su piazza Navona... un vero gioiello incastonato nella citt√† eterna. Personale cordiale e sempre attento alle richieste del cliente. Inutile dire della bellezza della camera. Indimenticabile. Confort e lusso ad un prezzo congruo. Colazione favolosa. Che dire di pi√π?? Andateci almeno una volta sarete piacevolmente coccolati.,,,
93,,"Il posto √® meraviglioso. Hai la fortuna di entrare e vivere per qualche giorno in uno dei pi√π bei palazzi romani e di affacciarti, come fosse la tua casa, sulla piazza pi√π bella al mondo: una sensazione incredibile! Le camere poi sono super confortevoli, eleganti, lussuose e originali. Lo staff infine √® la ciliegina sulla torta: sorridente, gentile, attento e pronto a darti suggerimenti per vivere al meglio il tuo soggiorno a Roma.",,,
94,,"ESPERIENZA UNICA . I proprietari cos√¨ come tutto lo staff del Lifestyle sono persone eccezionali . Camere stupende, arredate con gusto e classe. Ogni stanza richiama un tema particolare e lo stile √® conforme allo stesso. Tutte le camere hanno l'affaccio su Piazza Navona, aprire la finestra ti permette di godere di un panorama unico, tra i pi√π belli ed invidiati del mondo . Pulizia e cura dei particolari sono tra i punti di forza di questa struttura perfetta ed impeccabile sotto ogni aspetto . La colazione √® di una qualit√† superiore. Buffet con variet√† di frutta, yogurt, salumi ( tra cui il pregiatissimo patanegra spagnolo ), torte preparate giornalmente, cereali, biscotti, pane e la possibilit√† di ordinare piatti espressi : uova, bacon, omelette e quant'altro . Non ci sono parole per descrivere questo posto, esse non basterebbero per decantare al meglio un luogo magico come il LSS di Roma . Bravi ragazzi, continuate cosi ! Siete voi con la vostra professionalit√† e attenzione la vera chiave del vostro meritato successo! Francesca",,,
95,,"Perfetta location, stanze bellissime, vista da sogno , personale disponibilissimo, pulizia impeccabile, colazione superAssolutamente da ritornare!!!Sono un grande viaggiatore e ho girato il mondo ma questa struttura mi ha impressionato in positivo in tutto e per tuttoPerfetto per coppieVeramente romantico",,,
96,,"Hotel di altissimo livello, siamo rimasti senza parole, tutto perfetto pulito e comodo. Curato con molta attenzione ogni angolo della struttura, silenzio e tranquillit√† hanno reso il nostro soggiorno ancora pi√π piacevole. Per concludere dalla camera una vista strepitosa. Sicuramente ci torneremo!!!CONSIGLIATO!!!",,,
97,,"Ho trascorso un breve periodo presso il Lifestyle Suites per un viaggio d'affari e devo dire che la mia esperienza √® stata di alto livello.Il personale √® sempre stato molto gentile e preparato, le camere poi erano veramente belle ed accoglienti.",,,
98,,"Hotel di altissimo livello. Ho avuto la fortuna di scegliere quest'hotel per un breve soggiorno romantico a Roma. ma sono rimasto senza parole quando sono entrato nella suite che ci era stata assegnata camera perfetta, parquet, letto comodissimo e con un baldacchino in vetro particolarissimo...vista mozzafiato su piazza Navona e poi il bagno..con una vasca idromassaggio incantevole e un piano doccia da lasciar senza parole. colazione ottima, variegata e di alta livello. personale gentilissimo e servizievole in tutto, sia prima del check in che durante il soggiorno.",,,
99,,Hotel di altissimo livello. Ho avuto l'occasione di pernottare da solo nella struttura per un viaggio d affari e l'esperienza √© stata impeccabile. Molto comoda la location. Se dovessi tornare nella capitale non avrei dubbi sull'hotel da scegliere,,,
100,,"posizione fantastica, con vista su pantheon e piazza della rotonda a 2 passi dai luoghi pi√π belli. Camera molto pulita e personale molto disponibile. Colazione a buffet in un bar di fronte all'hotel molto soddisfacente",,,
101,,"Le camere sono modeste ma pulite, senza grandi comfort (noi abbiamo alloggiato nella depandance). La colazione nel vicino bar √® piuttosto misera. Personale cortese e ottima posizione. Abbastanza caro per quello che offre ",,,
102,,"A prima vista non sembra interessante. Appena sali in camera ti accorgi che e' un hotel che non sembra confortevole ma lo √®. Camere di livello superiore e, poi nel centro del centro di Roma, al Pantheon, che dire di pi√π. La prima colazione si consuma in uno dei bar con tavolinetti all'aperto nell'incantevole piazza della Rotonda proprio di fronte al Pantheon. Che dire di pi√π. Un'ottima scelta.‚Ä¶",,,
103,,"Credo che ci sia poco da dire, personale di ottimo livello e molto gentile, affaccio in una zona meravigliosa di Roma, colazione all'altezza della location ottima variegata e assolutamente fresca. E' un'ottimo albergo.",,,
104,,"Abbiamo alloggiato in questo Albergo per il ponte dell'Immacolata. Avevamo prenotato con scetticismo ma ci siamo subito ricreduti. Struttura posizionata difronte al Pantheon con una vista spettacolare. Molto carine le camere, da poco ristrutturate : faccio notare che se qualcuno ha scritto che ci vorrebbe una rinfrescata dovrebbe pensare che i danni li faccio noi clienti e non il personale della struttura. Gli ambienti si presentano puliti e confortevoli. Il personale √® gentilissimo e squisitamente disponibile. La colazione veniva servita in un bar nelle immediate vicinanze: cibo di buona qualit√† in quantit√† appropriate. I prezzi sono giusti e rapportati alla location della struttura.  Al mio ritorno ho ricevuto, tramite mail, il ringraziamento per il soggiorno da parte della struttura con un saluto da parte di tutto il personale; cosa che ho apprezzato notevolmente. Decisamente consigliato .... io ci ritorner√≤.‚Ä¶",,,
105,,"Hotel confortevole, ma che avrebbe bisogno di una rinfrescata. I bagni sono puliti ma ""vintage"". Con qualche piccolo accorgimento meriterebbe un pallino in pi√π. Colazione consona al livello. Ottima la posizione.",,,
106,,Molto caro e niente arrosto. Di sicuro al prezzo di 250 euro al giorno ti aspetti non di trovare ii servizi di un 5 stelle ma di sicuro un 3 stelle di altissima qualit√†. E anche cos√¨ quel prezzo e veramente altissimo. Stanza nella dependance picolissima. Un letto a una piazza e mezzo con d'intorno spazio di neanche mezzo metro a girarci. Parchet in legno molto andato ( grafiato ) anche se qui in tutto non sarebbe la colpa del albergo. Tv in stanza credo 21 pollici ( minuscolo ). Bagno ristrutturato nuovo anche se si poteva di meglio.                              Owen Francisc,,,
107,,"Abbiamo alloggiato in questo hotel per il ponte del 25 aprile. Camera con affaccio sul pantheon. Vista spettacolare. Camera molto confortevole e personale eccellente. La colazione poi,fatta in un bar che ha i tavoli sulla piazza, prepara per una giornata felice. Ci torner√≤ sicuramente.",,,
108,,Location unica con vista mozzafiato sul PantheonPersonale professionale e gentile Camera perfetta con tutti i comfort Colazione bellissima in piazza della rotondaConsigliatissimo il mio riferimento a Roma.,,,
109,,Per chi vuole soggiornare in pieno centro di Roma a un prezzo conveniente in stanze pulite anche se non molto spaziose pu√≤ venire qui.Per la colazione c ' e' una convenzione con il vicino bar a piazza della Rotonda.,,,
110,,"Ho soggiornato una notte  per lavoro all'Hotel Abruzzi. Posizione ottimale difronte al Pantheon. Zona centralissima con turisti ad ogni ora,  vi lascio immaginare il rumore esterno. Ma una volta entrati nell'Hotel  una tranquillit√† assoluta, molto silenzioso. Camera spaziosa e pulita. Il prezzo un po' caruccio!!! Personale competente e gentile. Spero di trovare qualche offerta per ritornarciüòä",,,
111,,"Moderno nuovo, carinissimo personale disponibile e gentile,colazione all'americana abbondante presso un bar adiacente .In posizione centrale proprio davanti al Pantheon.Abbiamo viaggiato con un bimbo ci siam trovati benissimo.",,,
112,,"Purtroppo, dopo aver chiamato hotel Abruzzi, che con sincerit√† Non avevano pi√π doppie, che l'unica disponibilit√† che avevamo era un matrimoniale, abbiamo prenotato da qui imbroglioni dell'albergo del sole, vicino dell'Abruzz√¨ cos√¨ abbiamo potuto constatare la grande differenza. Si l' Abruzzi Non si pu√≤ confondere, ottima professionalit√† e sincerit√†, belle stanze, Totti doc, dietro il suo piccolo cuore si nasconde un super 5 stelle.",,,
113,,"Ottimo soggiorno e personale cordiale e disponibile. Camera luminosa, panorama incantevole con sottofondo musicale che accompagna il weekend romantico. Spero di ritornare nuovamente per la quarta volta.",,,
114,,"Era un viaggio rapido per un fine settimana a Roma, e quindi volevo un hotel vicino a tutti i principali siti: quello trovato non avrebbe potuto essere un posto migliore essendo a circa 25 minuti a piedi dal Vaticano e Colosseo, a 5-10 minuti dalla fontana di Trevi, da Piazza di Spagna e negozi. E con il Pantheon a due passi e Piazza Navona 2 minuti di distanza.La camera era in un annesso a breve distanza dalla porta dell'hotel. Era pulita, ordinata ed aveva tutto quello che occorre per i i bisogni di base. Il personale √® stato di grande aiuto quando ci√≤ √® stato necessario e ci ha fatto sentire molto ben accolti. E' stato molto piacevole, inoltre, mangiare all'aperto, seduto in un bar sulla piazza che si affaccia sul Pantheon e gustare un prosecco prima di una breve passeggiata per raggiungere il letto.",,,
115,,"Un hotel splendido in una posizione magnifica!Centralissimo e comodo per raggiungere raggiungere molte mete, musei, punti di interesse e monumenti della splendida Capitale.La vista sulla piazza del Pantheon √® veramente emozionante!E sopratutto la struttura √® arredata in modo veramente carino!",,,
116,,"Abbiamo pernottato presso questo albergo qualche giorno fa x un'occasione speciale e lo abbiamo scelto perch√© affaccia proprio in piazza del Pantheon. L'atmosfera che si respira √® davvero romantica, la stanza in stile moderno con mobili nuovi e stampe con riproduzioni della citt√† eterna davvero accogliente. L'albergo non dispone di ascensore e di sala colazione, ma ha una convenzione con un bar ristorante della piazza che permette di mangiare esattamente di fronte al Pantheon. L'accoglienza √® stata calda e professionale, esperienza sicuramente da ripetere!",,,
117,,"Consiglio questa eccellente struttura, soprattutto per chi si vuole muovere a piedi nel centro di Roma. Il personale √® professionale e cortese.Le camere affacciano sulla suggestiva piazza del Pantheon e sono molto luminose.",,,
118,,"Sono stata veramente bene in questo albergo. Mi √® stata data una suite al quarto piano con una vista a dir poco spettacolare. Silenzioso (gli ottimi infissi isolano dai rumori della strada), confortevole e con uno staff di grande professionalit√† e squisita cordialit√†.La colazione, varia e abbondante, si fa all'esterno, in un bar della piazza, dai cui tavolini si continua a godere della splendida vista.",,,
119,,"Di fronte al Pantheon e infatti risulta impossibile dormire a causa dei vari rumori: folla, spazzini, vigilanza... Stanze piccole e cosi pure il bagno dove non rifornivano di gel doccia. Fino al primo piano no ascensore e quindi 3 rampe di scale.Per la colazione bisogna andare al bar nella parte opposta della piazza della rotonda che offre poco e di scarsa qualit√†,",,,
120,,La struttura √® situata in pieno centro con la camere suddivse in diverse case molto vicine alla struttura principale raggiungibile a piedi in pochi minuti. Ottima e bellissima la colazione preparata con molta cura. Camere veramente pulite.,,,
121,,"Siamo un gruppo di motociclisti (Motorustici) che ogni anno fine Maggio primi di Giugno, si prende una pausa da tutto (famiglia e lavoro) per qualche giorno. Quest'anno Sardegna, strade bellissime da moto, paesaggi stupendi, gente cordiale, insomma il Top.  Ho cercato su Tripadvisor ed √® spuntato Albergo diffuso Mannois. Gi√† al telefono chi ti risponde ti fa capire che lavorano sereni.....quindi prenotiamo x 7 pax. Stanze in abitazioni recuperate e ristrutturate ""stile sardo"", pulite e fresche. Colazione alta qualit√† e abbondante, a buffet. Sa Turre (ristorante della struttura) con una cucina tradizionale, gustosa e con rapporto qualit√†/prezzo giusti. Tutti i dipendenti giovani, allegri, disponibili, bravissimi......da 10. (come in Liguria!!!!)‚Ä¶",,,
122,,"Un meraviglioso gioiello incastonato nel centro storico di Orosei. Curato nei pi√π piccoli dettagli, fortemente legato alle tradizioni senza essere banale e scontato. Gentilezza e professionalit√† fanno il resto. Molto comodo il servizio bike x raggiungere il loco piccolo stabilimento balneare. Esperienza che si ripeter√† tante tante volte .‚Ä¶",,,
123,,"Abbiamo soggiornato in questo meraviglioso hotel diffuso per festeggiare una nostra importante ricorrenza. Le location sono incantevoli, curate nei dettagli, accoglienti e confortevoli; ottima pulizia, colazione abbonante e variegata. Il tutto accompagnato dalla cortesia e dalla simpatia del personale. Ottimo anche il ristorante  dell'albergo Sa Turre, buon cibo, bella vista e gentilezza!!! Alla prossima occasione ...‚Ä¶",,,
124,,Soggiornato in formula appartamento durante i ponti Loft perfetto e molto ben accessoriato Terrazza con cucinino bella e fruibile Nelle immediate vicinanze puoi trovare bar e forno per una colazione pronta All‚Äôuso Personale gentilissimo e dispensatore di ottimi consigli,,,
125,,"Otto giorni come si deve in questo gioiellino, molto curato e accogliente. Al centro di una delle zone pi√π interessanti della Sardegna. Ottimo. Colazione nella media. Camera con jacuzzi funzionante( merce rara al giorno d‚Äôoggi) personale bravissimo.",,,
126,,"Bellissima struttura diffusa. consigliatissima.Ottimo anche il ristorante connesso Sa Turre posto sulla vetta di un torrione che domina l'intero paese di Orosei.Locale riservato e romantico, personale gentile e competente.",,,
127,,"Nel 2014 avevo  soggiornato in questa struttura che mi aveva pienamente soddisfatta.  Orosei e il suo bel mare mi hanno  spinta a ripetere l'esperienza con mio marito e mia nipote di 12anni . Non ho avuto dubbi nel scegliere Mannois. Il concetto di albergo diffuso mi soddisfa pienamente, dislocato nel centro storico, ma funzionale , tutte le strutture sono a pochi minuti di distanza . Abbiamo alloggiato  a ""sa dommo"" in una ampia camera tripla con balcone con tavolino e poltrone , la cui pulizia era ineccepibile e profumatissima, il sonno fantastico. Se vogliamo l'unico neo il bagno senza aria  con ci√≤ che ne consegue. La colazione √® servita a Sa corte, casa madre,   in cui √® ubicata la reception: abbondante, varia,  con prodotti del territorio , dolci preparati dal cuoco ( torte, cannoli, paste, brioche ogni ben di Dio ) e salata ( ricotta, formaggi, salumi, uova, bacon ) frutta, succhi . Il personale √® numeroso, attento, simpatico, efficiente. Basta chiedere √® si √® accontentati. Altrettanto posso dire  di Emanuele, della straordinaria Emanuela prodighi di informazioni, suggerimenti, consigli sul territorio, sulle attivit√† , sui offerti. Solleciti, discreti, con professionalit√† straordinaria. L'albergo offre anche un valido servizio di biciclette, anche a pedalata assistita con cui √® agevole muoversi nel centro storico di Orosei, dove non √® facile parcheggiare,  e si percepisce un certo fastidio da parte degli abitanti nei confronti dei turisti. Non √® semplice aggirarsi in auto nelle strette viuzze del paese.  Ci√≤ esula dal giudizio  ultra positivo sulla struttura. Vorrei fare un plauso al lido Mannois, perfettamente attrezzato,  pulito, ordinato ma soprattutto gestito da fantastici ragazzi  sorridenti, simpatici che aggiungevano valore al bello stabilimento balneare.Consiglio a chi cerca semplicit√† raffinata, senza ostentazione che non sia la qualit√† del servizio, la professionalit√†, l'efficienza, l'onest√† nei prezzi per i servizi forniti. Un grande abbraccio a tutto il personale che ci ha fatto sentire in una grande famiglia.",,,
128,,"Un albergo, specialmente quello delle vacanze, deve evocarti sensazioni, emozioni...E quando si sceglie l‚Äôalbergo diffuso Mannois, una struttura ricettiva dislocata in edifici diversi, si ha anche la possibilit√† di ‚Äúpersonalizzare‚Äù le proprie emozioni. Ho deciso in loco di prolungare il mio soggiorno e, a causa di una prenotazione gi√† confermata, ho avuto la possibilit√† di pernottare in una camera diversa dalla prima assegnata: ed √® proprio da questa mia esperienza che ho potuto assaporare un‚Äôatmosfera diversa dalla prima. Sa Turre: una stanza luminosa e mediterranea, con una vista mozzafiato sui borghi di Orosei che si stendono a perdita d‚Äôocchio fino al mare, arredi chiari e perfettamente in armonia con i giochi architettonici delle volte dei soffitti. Sa Corte: una stanza romantica e intima, con un balconcino che si affaccia sulla corte interna, sfondo indimenticabile per un aperitivo in attesa del tramonto, arredi minimal e architettura curata nel minimo dettaglio per conservare al massimo il fascino di quei borghi ricchi di charme.La prima colazione √® degna di un hotel lusso, con specialit√† di alta pasticceria e un ricchissimo buffet che sapr√† accontentare anche i palati pi√π esigenti. Non solo lo consiglierei vivamente, ma invito gli amici di TripAdvisor a visitare di persona questa sorprendente realt√† per ammirare con quanto amore per la propria terra e con quanta dedizione sono stati sapientemente ricostruite ambientazioni e architetture, partendo da vecchie e dismesse abitazioni e riprendendo pazientemente ogni piccolo particolare che potesse richiamare la loro iniziale condizione. Per un full immersion nella vera Sardegna che piano piano sta scomparendo. Eccellente rapporto qualit√† prezzo, personale attento e molto cordiale. Direi che definirlo hotel 4 stelle √® sicuramente riduttivo, perch√© i servizi offerti non hanno nulla da invidiare ad un resort pi√π titolato.",,,
129,,Hotel super carino in centro a Orosei.Buona e varia la colazione.Lo staff molto preparato √® disponibile.Camera piccola ma accogliente.Molto valida anche la cena al ristorante sulla terrazza con vista sulla citt√†.Lo consiglierei sicuramente.,,,
130,,"Piacevole struttura, personale cortesissimo, ben organizzato. Pulizia ed efficienza, buona base per le meravigliose escursioni nella zona. Silenziosa e tranquilla, consigliabile per soggiorni sia brevi ch lunghi. Buona la colazione. Suggerimenti? Attenzione al link con il ristorante Sa Turre, le luci nelle camere potrebbero essere migliorate, in particolare il lampione nel cortile.",,,
131,,"Anche se il tempo non √© stato dei migliori (pioveva a dirotto) abbiamo deciso di fare tutto il tragitto da Porto Torres fino a Orosei... 2 ore e mezza per godere di questo piccolo paradiso che ha mantenuto le promesse date. All¬¥arrivo ha addirittura smesso di piovere ;) Uno spettacolare hotel nascosto all¬¥interno della parte vecchia del paese di Orosei. Personale gentilissimo e preparato. Parcheggio a pochi passi dall¬¥hotel (con i bagagli un p√≥ scomodo; ma comunque siamo stati aiutati dalla reception). La stanza con vasca idromassaggio soddisferebbe anche i gusti pi√∫ difficili. Abbiamo goduto di un lungo bagno con essenze profumate e tante bolle, abbiamo gustato un buonissimo spumante direttamente immersi nella vasca e il comodissimo letto c¬¥ha regalato una notte stupenda. La colazione del mattino dopo, servita nella saletta della struttura centrale, era completa di uova e pancetta, ottime marmellate, diverse tipi di pane, formaggi, succhi di frutta, caff√©, cappuccino... Insomma... un¬¥esperienza positiva su tutti i fronti...Peccato essere stati costretti a ripartire subito il giorno dopo... avremmo voluto rimanere pi√∫ a lungo e scoprire anche la zona e le sue magnifiche Domus de Janas...Unica pecca √© stata la visita al Ristorante SA TURRE... onestamente ci saremmo aspettati qualcosa di speciale da un ristorante connesso ad uno degli hotel pi√∫ particolari e speciali della Sardegna.",,,
132,,"Struttura ristrutturata di recente, accogliente e silenziosa. Siamo stati a Orosei tre giorni e sono stati bei momenti. L'appartamento √® dotato di angolo cottura che per√≤ si trova nella terrazza esposta al vento e al freddo.",,,
133,,"Dormiamo ad Orosei dove siamo per la prima volta. Signora all'accoglienza molto gentile e disponibile. Camera molto carina, pulita e silenziosa. Accogliente.Ristorante chiuso perch√© fuori stagione ma i suggerimenti datici sono stati anche molto gentili ed interessanti. Da tener presente.",,,
134,,"Abbiamo pernottato in questa struttura per sole due notti ma bisogna ammettere che avrebbe meritato fermarsi a lungo. Ambienti deliziosamente curati ed arredati. Stanze pulite e comode. Personale di accoglienza di grande professionalit√†, disponibili, gentili, simpatici. Eccellente la colazione preparata in un sala veramente graziosa. Complimenti e ..... arrivederci a presto. Consiglio.",,,
135,,Albergo diffuso di immensa bellezza le stanze comprendono il bagno e sono curate nei minimi dettagli in stile sardo molto accoglienti e pulite e estremamente confortevoli. Viene servita una colazione a buffet molto varia e abbondante e tutto buonissimo. Consigliatissimo!!,,,
136,,"Abbiamo soggiornato qui per 4 notti e la nostra vacanza √® stata stupenda. La prima sera siamo arrivati in ritardo al check in e il ragazzo della reception si √® offerto di aspettarci per ben due ore!!I Ragazzi che lavorano in questoalbergo sono Gentilissimi e sempre disponibili, dalla signora che serviva i cappuccini alla mattina, a quelli della reception che ci davano sempre ottimi consigli su dove mangiare o cosa visitare. L'ultima sera, quando abbiamo detto alla ragazza della reception che saremmo partiti l'indomani prima della colazione si √® persino offerta di farci un pacco colazione da prenderci su per il viaggio! Che dire?? Meglio di cos√¨ non poteva andare! Staff fantastico!!",,,
137,,"Piacevole soggiorno per chi cerca privacy, indipendenza e qualit√†. Ho soggiornato con il mio fidanzato nell'appartamento de luxe   : tutto nuovissimo, pulizia eccellente , stoviglie pulitissime e nuove , letto molto comodo e . stabile sapientemente ristrutturato, comodo per le varie escursioni e poi parcheggio pubblico adiacente , il centro si raggiunge tranquillamente a piedi,panetteria con prodotti freschi e deliziosi sotto casa, macelleria con con carni locali e bar. Stra-consigliato",,,
138,,"Abbiamo soggiornato per 8 gg al Mannois sulla scorta delle ottime recensioni e perch√© preferiamo ogni anno scoprire zone che non conosciamo di questa meravigliosa isola. Pertanto la scelta √® ricaduta su Orosei.  L hotel √® molto curato con gusto nelle parti comuni  dove si pu√≤ gustare un'eccellente colazione che pu√≤ soddisfare tutti i gusti per variet√† e qualit√†.  Bella la camera con pulizie giornaliere perfette. Simpaticissimo il servizio bike che ci ha consentito di raggiungere la spiaggia in circa 20 minuti  attraverso un bel percorso in buona parte pista ciclabile.  Servizio spiaggia perfetto comodissimo e con ombrelloni molto distanziati.  Personale di servizio professionale e gentilissimo tra  cui Anna regina delle colazioni che ci ha anche suggerito qualche percorso alternativo all interno che si √® rivelato perfetto. Il paese di Orosei √® stata una piacevole sorpresa con centro storico curato e grazioso con esercizi commerciali anche gradevoli. Consiglio anche la visita su spiagge limitrofe quale Su Barone, Bidderosa, Bircheda. Interessantissima la visita alla sorgente di Su Gologone (sempre suggerito da Anna).",,,
139,,"inizio col scrivere che Davide il ragazzo che ci ha accolti nella struttura distaccata dell'hotel cio√® nel Loft, √® una persona GENTILISSIMA e molto disponibile, ci ha anche prenotato la minicrocera e il ristorante.il Loft √® un incanto, avevamo il numero 8, vista mare e montagna, camera arredata con gusto, veranda comodissima con frigo piano ad induzione microonde lavello e vari accessori essenziali, utilissimo per chi viaggia con bimbi piccoli come noi, preparando la pappa prima delle giornate passate al mare.letto comodissimo, culla fornita gratuitamente,   bagno molto grande e funzionale.L'intero alloggio pulito impeccabilmente, un 10 e lode.Sicuramente consiglier√≤ questo alloggio a chi vorr√† trascorrere una vacanza ad Orosei, sicuramente ci ritorneremo.un caro saluto a tutto lo staff e buon lavoroYlenia, Stefano √® Mattia",,,
140,,Un soggiorno eccellente. Abbiamo scelto l hotel per la nostra luna di miele. Struttura incantevole per posizione ottima e scenario. Vista mare dalla colazione alla cena. Piscina da favola. Staff gentilissimo professionale e molto disponibile. Al nostro arrivo regalo di benvenuto molto gradito per la nostra luna di miele. Siamo stati aiutati nella scelta delle escursioni e ci hanno consigliato spiagge e locali. Ottimo il servizio di navetta. Grazie allo staff non vi dimenticheremo mai. A presto i novelli sposi Serena e Mattia.‚Ä¶,,,
141,,"Hotel da classificare come il classico internazionale dotato di molte camere. La struttura Si trova in una zona panoramica, vicino alla parte industriale di Olbia, a pochi minuti dal centro.  Comodo se si √® in auto per girare le calette vicino Pittolungo e golfo Aranci, a mezz‚Äôora di auto si pu√≤ andare a San Teodoro e Porto Cervo. Parcheggio un po‚Äô piccolino. Diciamo che La Piscina panoramica √® il suo punto di forza.  La Camera con terrazzo √® ampia e arredata di tutto il necessario, peccato che su un criterio di hotel 4 stelle sia la camera che il bagno siano un po‚Äô datati, doccia con vasca scomoda e abbiamo rinunciato a farci il bagno perch√© l‚Äôacqua era gialla. Terrazza con bella vista su Olbia, ma con poca intimit√† in quanto il muretto confinante con la camera adiacente praticamente √® inesistente.  Il Personale √® stato gentile. La Colazione internazionale abbastanza ricca, anche se a mio giudizio troppo molto fai da te e con prodotti confezionati, la cosa positiva √® che si pu√≤ fare con un ottima vista panoramica. Peccato che alcuna clientela non fosse molto educata, rovinando il momento relax della colazione.  Soggiorno tutto sommato positivo, ma non all‚Äôaltezza di altri 4 stelle della Sardegna, sia come struttura che come qualit√† prezzo. ‚Ä¶",,,
142,,"Sono andata a leggere le recensioni negative per capire cosa le persone avessero potuto trovare di sbagliato in questo albergo, e infatti sono totalmente fuorvianti. Raramente ho visto un posto tanto bello, camere comodissime (finalmente un letto con materasso matrimoniale!!!) con vista indimenticabile, kit cortesia con addirittura la crema doposole, bagno strapulito e acqua che arriva calda in un secondo. La cena ottima in un‚Äôatmosfera raffinata, che allo stesso tempo non fa mai sentire l‚Äôospite a disagio, personale di una cortesia e discrezione rara. Per la cena sono attrezzati anche per i pi√π piccoli con fogli da disegnare, matite colorate e piatti e bicchieri per bambini, hanno avuto un‚Äôattenzione per il mio bimbo mai vista prima. Colazione spettacolare, con prodotti tipici, vista mare e piscina. L‚Äôunica cosa negativa che ho trovato di questo posto √® stata dover ripartire!‚Ä¶",,,
143,,"Una serata in relax....Aperitivo di noi OLBIESI alternativo e panorama fantastico....personale professionale e cocktail fatti benissimo..Panorama √® solo da vederlo di persona,rilassante!!!Provare x credere...",,,
144,,"Ho soggiornato per alcuni giorni con mia figlia nel 2017.  Un hotel molto ben posizionato, dotato di tutti i confort. Personale gentilissimo e sempre attento ai bisogni del cliente.  Ristorante dell'hotel eccellente. Ci torner√≤ sicruramente  per un soggiorno pi√π lungo.",,,
145,,"Hotel in una posizione privilegiata, vista molto bella sul porto di Olbia. Da qui facilmente raggiungibili in macchina tutte le localit√† pi√π belle della zona, dalla Costa  Smeralda al litorale di San Teodoro.Camere spaziose, ben arredate ma cosa maggiormente importante pulizia impeccabile ( voto 10 ).Colazione buona e molto abbondante, ristorante da tenere in considerazione. Personale di sala educatissimo e super professionale, lo stesso vale per il personale alla reception; ringraziamo in particolare Katia e Gabriella per averci sempre aiutato e consigliato al meglio! Anche per loro voto 10!Un soggiorno meraviglioso!",,,
146,,"Sicuramente l'hotel si trova in una posizione privilegiata e gode di una vista mozzafiato.La piscina √® il punto forte di questa struttura (basta guardare le foto, non servono altre parole!) Il giardino, cos√¨ come tutti gli spazi sia esterni sia interni √® curato nei minimi dettagli.Abbiamo avuto l'opportunit√† di soggiornare in una suite davvero favolosa! Due piani, due bagni e due grandi terrazzi con vista sul porto e accesso diretto alla piscina. Il tutto accuratamente pulito e ordinato.Ci siamo sentiti davvero a casa! Il personale dell'hotel √® davvero molto gentile e disponibile ad ogni richiesta.La colazione √® davvero infinita: ogni tipo di dolce,  biscotti, marmellate, succhi di frutta, yoghurt, affettati, uova, bacon e tante altre cose..Abbiamo anche pranzato nel ristorante dell'hotel e abbiamo mangiato davvero molto bene!Hotel consigliatissimo!",,,
147,,"Tutte le camere dell'hotel sono fantastiche ma non dovete perdervi la suite, vale ogni singolo euro speso. Ha l'accesso diretto in piscina, veranda con 3 lettini, soppalco con seconda zona notte e bagno separato. Ha la doppia vista: su Olbia e il tramonto e su tavolara el'alba. Regalatevi questo sogno. Colazione da 10 e lode, personale al top. Flavia",,,
148,,"Semplicemente perfetto! Personale gentilissimo, camere pulitissime, colazione abbondante e buffet sempre rifornito, piscina ampia con vista panoramica, parcheggio disponibile in loco e rapporto qualit√† prezzo perfetto! Grazie per il bel soggiorno!",,,
149,,"Ci,sono stata per lavoro, purtroppo una notte e via...ma la mattina presto .... uno spettacolo... la colazione sulla veranda: bellissima! Un appunto ma per una coerenza con la categoria dell'Hotel: la colazione dovrebbe essere pi√π accurata, con una presentazione migliore ... il latte NON era FRESCO ma alunga conservazione: un peccato! Gli affettati, i,formaggi disposti male, e non davano 'valore'all'Hotel!,",,,
150,,"Abbiamo alloggiato la prima settimana di agosto. Confermo tutte le recensioni positive. Il rapporto qualit√† prezzo tutto sommato va bene. Eravamo con la formula pernotto e colazione, ed abbiamo inoltre usufruito del ristorante a pranzo un paio di volte. Ci siamo trovati molto bene, il personale sempre gentile e disponibile pulizia adeguata. Un p√≤ vetusta la moquette nei corridoi. Posizione strategica,  zona piscina con panorama mozzafiato. Consigliato.",,,
151,,"Buona posizione per chi vuole raggiungere tutte le pi√π belle e famose spiagge della Gallura. Camere spaziose, ottima pulizia e personale gentile e sempre disponibile; colazione varia e ricca (buoni i dolci)  per soddisfare tutte le necessit√† e i gusti. Da migliorare il ristorante per raggiungere il livello del resto della struttura. Bel panorama godibile dalla terrazza e dalla piscina. Buon rapporto prezzo-qualit√†! Consigliato.",,,
152,,Tornerei e consiglierei questo albergo. Il personale √® gentile e disponibile. Camera pulita abbastanza grande e chiara. Nel nostro caso con vista sul porto di Olbia. Il prezzo per il mese di Giugno ok,,,
153,,"Posizione eccezionale, camere pulite e abbastanza spaziose, personale molto gentile e disponibile, piscina fantastica. Cibo ottimo. Vista sul porto di Olbia in lontananza molto suggestiva, soprattutto la sera. Ottimo punto di partenza per visitare  la  Costa Smeralda. Torneremo certamente.",,,
154,,"Che dire l‚Äôhotel √® situato in unvuna posizione stupenda!La camera √® silenziosa,il letto comodo,i camerieri gentilissimi,il personale della camera e alla reception anche!La PISCINAAAAAüíôüòçsconfina il blu cn lo smeraldo del maree..tto intorno il prato verde,il cielo azzurro,i fiori,il profumo del mirto ovunque!Al ristorante abbiamo cenato1volta la sera della cena tipica sarda,servizio impeccabile,qualit√† eccellente.Colazione ottima si fa davanti alla piscina..insomma un paradiso,per la spiaggia c‚Äô√® la comodissima navetta..tornerei subito!!",,,
155,,"L¬¥hotel si trova sulla strada che porta al golfo aranci, una piccola collina che sovrasta il porto di Olbia. Circondato da un bel parco e con una piscina spettacolare a vista sul mare. Camere grandi, pulite e confortevoli. Hotel molto tranquillo. Colazione ricca, sia salata che dolce. Personale molto gentile e disponibile. Ottimo servizio navetta, gratuito, da e per l¬¥aeroporto.L¬¥unico neo sono i prezzi del ristorante e bar che trovo veramente eccessivi. Per muoversi fuori dall¬¥hotel la macchina e¬¥ d¬¥obbligo. Con prezzi piu¬¥ bassi sarebbe un hotel al TOP. Comunque consigliato per un breve soggiorno.",,,
156,,"Ho soggiornato in questo hotel per nove giorni. Tutto funziona benissimo. Efficienza nel check-in, buon servizio, meravigliosa colazione con dolci fatti in casa e abbondante scelta di salato, bevande. Ma il pezzo forte che, oserei dire, vale met√† soggiorno √® la piscina! Da sogno! Infinita, in posizione panoramica....",,,
157,,"Bellissimo hotel per chi vuole rilassarsi immerso nel verde e a pochi minuti di navetta (gratuita) dalla spiaggia di Pittulongu. Personale disponibile e cordiale! Stanze pulite, cibo ottimo, vista fantastica, piscina top.Consigliatissimo!",,,
158,,"Ho soggiornato in questo hotel 2 notti  con mio marito per festeggiare il nostro primo anniversario di nozze. Siamo arrivati prima dell'orario previsto del check-in e con grande sorpresa la nostra camera era gi√† pronta! La piscina √© senz'altro il punto di forza dell'hotel.. non ci sono parole per descrivere l'immensit√† del paesaggio che si ammira dalla piscina..tutto molto suggestivo! La colazione √© ricca e di qualit√†, impossibile non essere soddisfatti.. c'√® veramente di tutto! Abbiamo pranzato con salmone fresco alla griglia e  con patate al forno e insalata e calamari freschi. Tutto buonissimo, abbondante ed economico (13 euro a piatto). Il personale √® simpaticissimo,educato, professionale e pronto a soddisfare ogni richiesta del cliente. Questo hotel merita le molto pi√π di 5 stelle se fosse possibile! Complimenti vivissimi.. ci ritorneremo sicuramente!",,,
159,,Ambiente bello e molto pulito.Servizio veloce ma alcuni camerieri molto accigliati..... in questo lavoro √® importantissima la presenza di personale garbato e sorridente e qui questo non √® stato tale.Il pranzo abbastanza soddisfacente......non ho trovato nulla per√≤ di eccezionale!!!,,,
