utente;hotel;commento;datains;predictedCategory
antonioreitano;8piuhotel;Ottima struttura, camere ampie ed accoglienti. La colazione internazionale è davvero molto abbondante e varia. Una sola pecca, la stanza troppo calda. Il personale gentilissimo! Come nel titolo, quattro stelle meritatissime.;05/07/2019;ce
antonioreitano;A Casa di Emma;Hotel , piccolo, ma carino.Ottima posizione,colazione da 4 stelle, Disponibilita' , attenzione, e professionalita' verso il  cliente. Un ringraziamento al Sig. Gabriele per i consigli preziosi sulle strutture per cenare. Esperienza positiva. Grazie.;05/07/2019;ce
antonioreitano;AC Hotel Bologna by Marriott;Direi una bella esperienza,Alberobello è una ennesima perla della bellissima Italia.Dormire nei trulli rende ancora più speciale la visita.Trulli tutti diversi.A me è piaciuto molto.Disponibili i ragazzi alla reception.Ottima colazione,ho apprezzato molto anche nella colazione di prodotti pugliesi quali mozzarelline e pane e salumi.Cosa molto importante dispone delle vicinanze del centro di parcheggio a 5 euro.I parcheggi a Alberobello sono abbastanza cari...e liberi sono pressoché inesistenti.Da consigliare e tornare;05/07/2019;so
antonioreitano;Affittacamere Solosonno;Un delizioso B&B in pozione centralissima, la piazza su cui affaccia il Politeama: perfetta per visitare Palermo, con le fermate dei pullman e anche per l’aeroporto. Abbiamo soggiornato per 3 giorni nella stanza Romantica. Il proprietario gentilissimo e pronto a soddisfare ogni nostra esigenza. La stanza ampia, pulita, e arredata con cura, bagno ampio e finestrato. Colazione servita sul piccolo terrazzino, con prodotti km zero come le pesche fresche biologiche ogni mattina, buonissima torta fatta in casa e cannolo siciliano con ricotta Piana freschissima. Dulcis in fundo,  il giorno della partenza il proprietario ha anche fatto la gentilezza di lasciarci la camera a disposizione. Il rapporto qualita’ prezzo eccellente fa di questo b&b una scelta perfetta per soggiorno a Palermo. …;05/07/2019;sp
antonioreitano;Agriturismo & Scuderia della Valle;Sin dal giorno in cui siamo passati in Masseria per visitare la struttura il sig. Adriano ci ha fatto sentire a casa, accoglienza top, pulizia, ordine e max comfort! Durante l’organizzazione a distanza del nostro matrimonio ci hanno sempre tranquillizzato per ogni cosa e non abbiamo pensato a nulla, grande supporto per ogni dettaglio!!!! Un grazie di cuore a Rosamaria per l’assistenza, professionalità e disponibilità e alla Sig.ra Nicla nonché a tutto lo staff! La location ci ha trasmesso quell’emozione che oggi dopo il matrimonio ci portiamo dietro e non dimenticheremo mai. “Che posto meraviglioso!!” Questa la frase più ricorrente dei nostri ospiti!!Ogni singolo invitato il giorno del matrimonio e anche dopo continua a ringraziarci per la splendida festa, location stupenda…magica e cibo di altissima qualità e bellissima presentazione del buffet e impiattamento oltre che gusto sublime, servizio eccellente e alta professionalità di tutto il team e del Responsabile di sala sempre presente e disponibile, massima attenzione agli ospiti!!Raccomandiamo Masseria Montalbano a tutti i futuri sposi che desiderano vivere un giorno da favola con semplicità ed eleganza in una location meravigliosa!!!Grazie ancora alla Direzione e a tutto lo staff per aver reso il Nostro giorno indimenticabile!!!Consigliatissimo!!!;05/07/2019;sp
antonioreitano;Agriturismo Deviscio;Mi sono ritrovato in questo B&B per puro caso e ho potuto apprezzare la cortesia e l'accoglienza tipica di queste zone, la signora gentilissima non ha fatto una piega quando gli è stato chiesto di essere spostato da una camera ad un altra, non solo mi ha accontentato ma non ha neanche apportato modifiche al prezzo (sono passato da una singola ad una matrimoniale) il figlio è la fotocopia della madre quanto a cortesia Una bellissima esperienza, ci tornerò sicuramente.;05/07/2019;ce
antonioreitano;Agriturismo Il Castello;Di rientro da un viaggio con arrivo a Malpensa, abbiamo deciso di fermarci una sera prima di prendere il treno e tornare in Veneto. Abbiamo visto che questo hotel è da poco diventato Hilton ed eravamo curiosi di provare la struttura. L'hotel è fuori dal centro, ma ben collegato grazie alle metro (la fermata Bignami è a meno di 5 minuti a piedi dalla struttura). Avevamo acquistato un pacchetto con cena tramite l'app Hilton Honors e siamo rimasti molto soddisfatti del ristorante: cibo di qualità e buon srrvizio. Stesso possiamo dire per la colazione: scelta ampia di dolce e salato e personale disponibile e cortese. Abbiamo avuto un inconveniente in camera e, oltre a proporci immediatamente una soluzione, ci hanno offerto un dolce dopo cena scusandosi per l'accaduto. Credo che la qualità di una struttura passi anche dal modo in cui vengono affrontate questo tipo di situazioni. Complimenti quindi a tutto lo staff, terrò in considerazione la struttura per future occasioni e per soggiorni di lavoro.…;05/07/2019;ce
antonioreitano;Agriturismo Il Limoneto;Non trovando più la disponibilità al Hotel Club 2Torri abbiamo scelto una stanza quiDavvero ideale soprattutto per le vacanze low cost...cucina funzionabile completa di tutto, c'era perfino sale e zucchero, stanze pulite e la vista? Balcone con vista mare da favola! Come già accennato dagli altri utenti...il parcheggio risulta a essere un problema...come dappertutto d'altronde in costiera;05/07/2019;ce
antonioreitano;Agriturismo La Corte del Lupo;Antica villa liberty incastonata nella splendida costiera amalfitana, a breve distanza da Amalfi, raggiungibile a piedi. Terrazze che offrono una vista mozzafiato così come la discesa a mare in ascensore, altrimenti raggiungibile tramite un incantevole percorso che si snoda tra gli agrumeti e la vegetazione lussureggiante. Servizio impeccabile, camera spaziosa con terrazzino vista mare e bagno da diva. WiFi ottima, colazione squisita consumata  di fronte ad un panorama di rara bellezza. Cortesia e simpatia. Assolutamente da tornarci!;05/07/2019;ce
antonioreitano;Agriturismo La Ferme du Grand Paradis;Ho soggiornato nell'hotel in occasione della notte rosa. La posizione è ottima, due passi dal mare, una via molto tranquilla, 10 minuti a piedi da riccione. Le due persone dello staff sono disponibili e gentilissime, propongono sconti ed hanno convenzioni con ristorante, bagno per ombrelloni e locali per la sera. La colazione è a pagamento ad 1€, ti fanno un caffè ed un cornetto. C'è un frigo per le bevande all'ingresso e in camera la cassaforte. Camere abbastanza piccole, bagni con il minimo indispensabile, ma come appoggio per una due notti lo consiglierei.;05/07/2019;ce
antonioreitano;Agriturismo La Ginestrella;Ritornato dopo un anno in questa struttura con moglie e figlio.  La prima cosa che si nota arrivando in questa struttura è la cordialità, la gentilezza e la disponibilità dei gestori. Le camere pulite e dotate di tutti i comfort.  Consigliatissimo;05/07/2019;lx
antonioreitano;Agriturismo Masseria La Chiusa;Posto estremamente curato in ogni dettaglio stanze bellissime ampie e luminose con bagno stupendo, poi tutto il legno che ti circonda ti fa tornare indietro nel tempo...Anna e la sua famiglia ti fanno sentire davvero a casa, molto disponibili anche con i cani...posto assolutamente consigliato e dove torneremo di certo;05/07/2019;so
antonioreitano;Albergo Bellavista;Dopo 16 anni siamo ritornati in questo hotel stupendo sul mare della costiera. Accoglienza eccellente e terrazze incantevoli .Aperitivi e vini dk livello superiore.Pranzo mediocre nel complesso dagli antipasti al dolce.Sedici anni con un calo vertiginoso della QUALITÀ culinaria.;05/07/2019;so
antonioreitano;Albergo del Senato;Bellissimo b&b  la signora Emanuela molto gentile, la camera molto spaziosa il letto era comodissimo , il bagno grande e confortevole . La colazione è varia e abbondante. Mi sono trovato veramente bene, se mi capita di ritornare a Torino ci ritorno di sicuro ??;05/07/2019;sp
antonioreitano;Albergo Diffuso Mannois;Sono stato oggi nella favolosa spa presso hotel panorama, è stato un piacere ritornarci, come sempre il personale molto qualificato e cortese.  La spa é molto accogliente ci siamo rilassati . La consiglio vivamente a tutti ??;05/07/2019;so
antonioreitano;Albergo Garnì Antico Mas del Medico;Sono stato oggi nella favolosa spa presso hotel panorama, Ã¨ stato un piacere ritornarci, come sempre il personale molto qualificato e cortese.  La spa Ã© molto accogliente ci siamo rilassati . La consiglio vivamente a tutti ??;05/07/2019;sp
antonioreitano;Albergo Miralago;Bungalow accogliente e pulitissimo, con ogni accessorio per il confort. Logistica curata, ristorante di ottimo livello e con grande scelta. Accoglienza e servizi degni di nota compreso l'utilizzo della piscina fuori stagione molto apprezzato dai ragazzi. Prezzo complessivo assai buono. Unica pecca la colazione continentale senza brioche e di prezzo troppo elevato.;05/07/2019;sp
antonioreitano;Alla Vite Dorata;Sono stata con mio marito al castello per un weekend di relax.Il castello è molto bello, pulito, belle le camere e ottima cucina solo la Spa un pò piccolina, ma nel complesso consigliato.Purtroppo non abbiamo potuto usufruire dei massaggi perchè la signora si è sentita male.....può succedere.;05/07/2019;so
antonioreitano;Ambasciatori Hotel;Camere molto spaziose e pulite, così come il bagno.Comodissima la stazione della metro a 2 passi che consente di arrivare in centro in 5 minuti!Colazione che offre ampi assortimenti e molto buona!Che dire, hotel super che consiglio a tutti!;05/07/2019;ce
antonioreitano;Antico Borgo Chieti;Abbiamo soggiornato 3 gg. In via della condotta appartamento celeste, la posizione è ottima, ma nella scelta dell'appartamento da booking le foto non corrispondevano a quello in cui abbiamo soggiornato. Le pareti sono sporche e la caldaia molto rumorosa soprattutto di notte, nella totalità non siamo stati male, ma per rendere il soggiorno più piacevole sarebbe opportuno curare di più qualche dettaglio.;05/07/2019;sp
antonioreitano;Antico Convicino Rooms Suites & SPA;La posizione del campeggio e' perfetta per chi ama muoversi a piedi o in bicicletta.A meta' strada tra i paesi di Dobbiaco e Villabassa,entrambi comodamente raggiungibili a piedi,il campeggio ha di fronte una serie di piste ciclabili e alle spalle un bosco che si presta a mille attivita' per bambini e famiglie.I servizi che offre il campeggio sono ottimi,diversi blocchi di servizi igienici sempre riscaldati e costantemente puliti,bagni a misura di bambino,stanza per lavare i cani,lavanderia con lavatrici e asciugatrici a gettone,stanza con fasciatoio.E' presente una piscina scoperta con annessi lettini ed ombrelloni e il campeggio offre anche un servizio navetta.Le fermate del bus sono situate comunque proprio fuori dal campeggio.Viene anche offerta una card per poter usufruire dei trasporti pubblici in tutto l'Alto Adige.E' presente anche un Caffe' ristorante pizzeria da poco rinnovato.Il personale e' molto cortese e disponibile.Personalmente mi sono trovata benissimo e lo raccomando senza alcuna esitazione.;05/07/2019;so
antonioreitano;Aquila d'Oro;Ho soggiornato presso Il Castellaro durante un viaggio di lavoro. La struttura è molto accogliente, immersa nel verde e  perfetta per staccare dalla quotidianità e godersi momenti di assoluto relax. Il personale è cortese e qualificato. Lo consiglio a tutti. Roberto  - Cagliari;05/07/2019;so
antonioreitano;B&B Al Convento;L’albero si trova in un ottima posizione, a 15 minuti dalla stazione Santa Lucia e 20 min max dal piazza San Marco. Il personale molto gentile e disponibile nell’accontentare sempre l’ospite oltre a darle tutte le informazioni di cui ha bisogno.Stanze pulite in tipico stile veneziano. Noi alloggiavamo nella dependance di fronte all’albergo con affaccio su un canale come richiesto l’unica pecca, per questo nn ho dato 5 stelle, perché la Wi-Fi gratuita, non funzionava bene come nell’albergo.Colazione super buona, tutti i dolcetti eccezionali. Lo straconsiglio.;05/07/2019;sp
antonioreitano;B&B and Apartments Da Baranin;Sono stata alla smorfia nel Week end del 2/3 marzo 2019. Che dire, luogo accogliente, molto curato e pulito. Camera spaziosa (avevo la 69) con un bagno veramente molto bello ed una doccia enorme... dopo una giornata impegnativa a visitare napoli una lunga doccia li dentro è perfetta... Serena e Francesco sn molto cortesi e disponibili, e Serena mi ha dato dei perfetti consigli per visitare la città... se dovessi tornare a Napoli di sicuro tornerò a soggiornare qui.;05/07/2019;sp
antonioreitano;B&B Cannoli;Ottima posizione, colazione favolosa. Camera Gold ampia e confortevole con splendida vista, anche se parziale, sul lago. Forse toglierei la  moquette. Personale delizioso e molto disponibile. Lo prenderemo in considerazione per il prossimo viaggio a Torbole.;05/07/2019;sp
antonioreitano;B&B Del Castello;Siamo stati in questo albergo per capodanno. Ottima posizione per visitare la città, con fermate dei mezzi pubblici vicini. Camere recentemente ristrutturate con bagno funzionali. Tutto pulito e curato, offerto anche kit bagno (ciabattine, shampoo). Wi-Fi funzionante perfettamente. Personale gentile e disponibile. Ottimo rapporto qualità/prezzo, consigliato. Buona la colazione.  Da ritornare .....…;05/07/2019;ce
antonioreitano;B&B Della Rocca;Un B&B molto carino gestito da una ragazza gentilissima e cortese. L'ho scelto per le ottime recensioni degli altri utenti e non posso che confermare il massimo voto possibile.Camera pulita ed ordinata, contesto tranquillo e con facilità di trovare parcheggio, ottima colazione con brioches fresche artigianali fatte con lievito madre, il miglior modo di cominciare la giornata. Infine il prezzo che è assolutamente concorrenziale.;05/07/2019;so
antonioreitano;B&B Desenzano;Hotel vicinissimo alla stazione ed al centro, posizione ottima per le maggiori attrazioni. Personale gentile, stanze accoglienti e molto pulite. Colazione ricca ed abbondante, tutto buonissimo, in ambiente tranquillo.;05/07/2019;sp
antonioreitano;B&B Due Passi;Strategica la posizione, praticamente sulla spiaggia, comunque le camere non sono il massimo. Un po’ datate e sinceramente non il massimo, il bagno con il soffitto ormai attaccato dalla muffa.Se la vs priorità non sono le camere ma tutto il resto va bene altrimenti...Spero che la mia recensione vi sia stata utile!!;05/07/2019;so
antonioreitano;B&B Hotel Milano Monza;Un pranzo veloce in una sala con una stupenda vista sul lago di Garda.Iniziamo con  dei piccoli assaggi di antipasti a base pesce , poi dei buoni gnocchi di pane al burro e salvia e concludiamo col dessert , il tutto accompagnato dai vini di Ca’ dei Frati.;05/07/2019;sp
antonioreitano;B&B Hotel Milano San Siro;B&B pulitissimo e molto curato ,situato a due passi dal mare e in centro a Maiori .Ottima accoglienza da parte di tutto lo staff  ,colazione più che buona .La titolare è molto disponibile per dare consigli per far passare una meravigliosa vacanza . Ottima posizione per visitare la fantastica costiera amalfitana . Grazie ancora !;05/07/2019;sp
antonioreitano;B&B Hotel Milano Sant'Ambrogio;Camera con vista mozzafiato. Personale formato con un'accoglienza impeccabile.ristorante ottimo con cena di livello e colazione ampia.hotel curato nei minimi particolari.veramente un fiore all'occhiello della costiera amalfitana ci ritorneremo sicuramente ??;05/07/2019;ce
antonioreitano;B&B Igea.50;Albergo accogliente, in pieno centro storico, nel mercato di Ballarò. Il personale è attento e gentile. Ricca la colazione, cena nella media. Gli ambienti sono puliti e curati. Ci ritornerei volentieri.;05/07/2019;ce
antonioreitano;B&B Il Pane e le Rose;Situato in una posizione strategica per visitare Napoli a due passi da via dei Tribunali e da via Toledo. Molto ben organizzato e pulito e proprietario molto cortese e disponibile. Colazione Super con sfogliatelle e frolle ad attendervi la mattina. Non vediamo l'ora di ritornarci.;05/07/2019;ce
antonioreitano;B&B La Casa Nel Parco;Hotel in buona posizione, prossimo alla stazione ferroviaria e comodo al centro città: bella e aristocratica la città alta pragmatica e decisa la città bassa. Personale dell'hotel cordiale e competente ed infine, colazione ottima e abbondante come d'altra parte di solito negli NH HOTEL visitati (a parte il prezzo che è esoso!) …;05/07/2019;sp
antonioreitano;B&B Magna Grecia;Stanza pulita e ben tenuta, con tutti i servizi necessari. Unico appunto per le lenzuola, pulite ma ruvide e un po vecchie. Per il resto ottimo. Posto auto interno. Proprietari accoglienti. La colazione è assortita self service... Ci ritorno volentieri.;05/07/2019;sp
antonioreitano;B&B Mare d'amare;Cordiali, gentili, camera confortevole e pulitissima, giardino esterno super curato, con giochi per i bimbi, vari gazebo per sostare a rilassarsi o far colazione/ pranzare/ cenare. Ottima colazione, ogni mattina ci facevano trovare due enormi fette di torta fatta in casa, più latte, caffè, tè, frutta, yogurt, merendine, marmellate, Kelloggs, insomma la colazione è abbondante. Location silenziosa, insomma mi auguro di poter tornare e per molti più giorni.;05/07/2019;ce
antonioreitano;B&B Rossodisera;Quest'anno abbiamo fatto il bis, c i siamo stati sia subito dopo ferragosto che ora in settembre, chiaramente la situazione e' diversa, ma malgrado le presenze in campeggio siano sicuramente e ovviamente diverse, la cura e la disponibilità del personale e dei servizi non e' cambiata, oramai sono anni che passiamo almeno un breve periodo in questa struttura, e non ci siamo mai pentiti, non mi dilungo sulla descrizione del posto, cosa già fatta in altre occasioni.Un grazie a tutto lo staff.;05/07/2019;ce
antonioreitano;B&B Villa Valentina Taormina;Si trova nel posto più bello del mondo, per chi ama la montagna: in posizione strategica, unica ed affascinante. La struttura è  caratteristica,  molto carina, curatissima ed assai pulita. Il personale è di encomiabile gentilezza e simpatia. La zona ristorante (sia all'aperto che all'interno) gode di una prospettiva da sogno. Il cibo per la cena (e suppongo per il pranzo) è ottimo, quanto a qualità, varietà e  prezzo la colazione è gradevole e  variegata. La camera è moderna e funzionale, con un'illuminazione perfetta il relativo  terrazzo  si affaccia su una scenografia paradisiaca, quanto alle Dolomiti, al lago e ai boschi. Nessun altro albergo  regge il confronto : parola di esperta!…;05/07/2019;ce
antonioreitano;Bed & Breakfast Oasi;Molto bello e curato nei minimi particolari. Il personale è disponibile e molto discreto. La camera è molto bella. Bella e confortevole la sala colazione. La posizione è strategica. In pochi minuti si arriva lungo il lago.;05/07/2019;ce
antonioreitano;Bed and Breakfast Il Conservatorio;Tornati ieri dopo un weekend a Marina di Massa abbiamo soggiornato in questo hotel dove siamo stati coccolati veramente come a casa dai proprietari a conduzione familiare. Stanze belle, spaziose come anche il bagno, ed il tutto è curato in ogni minimo dettaglio dall'arredamento ad ogni attenzione nella pulizia e nel riassetto dei prodotti.Colazione abbondante sia all'italiana sia a livello internazionale dove si spazia dai dolci fatti in casa a prodotti di qualità e tanta frutta, con caldo servito direttamente al tavolo.A disposizione biciclette per il giorno e per la notte.Concludendo se cercate un ambiente bello, pulito, sereno e familiare all'hotel Matilde noi abbiamo trovato tutto.;05/07/2019;ce
antonioreitano;Bed and breakfast Incanto Sotto il Mare;Bellissimo posto immerso tra i limoneti con vista sul mare e sull'Etna. L'appartamento era pulitissimo e curato. Il proprietario é stato molto gentile e disponibile. Insomma un posto per veri intenditori!;05/07/2019;sp
antonioreitano;Best Western Hotel Crimea;Sono stata in questa struttura a fine gennaio. Il proprietario è venuto a prendermi in stazione. L'appartamento è ristrutturato, molto accogliente. C'è tutto ciò di cui si può aver bisogno. Addirittura mi ha fatto trovare due bottiglie di acqua , cosa che ho molto apprezzato visto che sono arrivata di sera tardi.La zona è tranquilla e silenziosa. L'appartamento è dotato di riscaldamento.;05/07/2019;sp
antonioreitano;Best Western Hotel Genio;abbiamo dormito  in questo residence tre notti nella camera deluxe veramente bella ed accogliente , con grotta per la meditazione, interamente nei sassi .fortunatamente ben riscaldata poiche' il tempo del fine settimana e' stato inclemente .Ci siamo trovati molto bene anche con la gestione famigliare , gentilissimaAbbiamo  chiesto di fare colazione prima dell'orario previsto e si sono adoperati per accontentarci. Consigliatissimo.ottimo il servizio che ci ha dato l'albergo spostandoci le auto dalla zona vietata.;05/07/2019;sp
antonioreitano;Best Western Premier Milano Palace Hotel;Siamo stati in questo agriturismo dal 4 al 12 agosto  avevamo prenotato tempo prima approfittando di un ottimo prezzo. Non siamo assolutamente rimasti delusi. Il posto, soprattutto per chi come noi ama rimanere fuori dal caos delle località turistiche, è bellissimo.... immerso nel verde e nella natura, ma comunque a pochi minuti da Assisi. La struttura è calda ed accogliente, pulita e curata. Appena arrivati abbiamo conosciuto la signora Nunzia, che nonostante un'accoglienza discreta e riservata , si è poi rivelata una vera padrona di casa, ospitale e calorosa. Durante la cena, la prima sera, abbiamo conosciuto anche Patrizia, la figlia che condivide con la madre questa passione lavorativa. E' stato davvero piacevole fermarci durante il soggiorno a parlare con loro, ascoltare i loro racconti, le fatiche, le conquiste, le memorie ed i ricordi dei loro avi.( ci hanno parlato ad esempio della vasca in pietra che si vede nella sala da pranzo, che un tempo era la vasca in cui veniva fatto scendere il mosto pigiato). Abbiamo respirato un'aria di famiglia. Ci  è piaciuto conoscere i bambini, e lo zio che una sera ci ha intrattenuti raccontandoci con la passione negli occhi di come aveva appena trovato un tartufo...del suo lavoro nei campi...Per quanto riguarda invece la cena...che dire : abbiamo mangiato davvero bene e abbondantemente.  La colazione è sempre stata abbondante, soddisfacente anche se per come siamo noi l'avremmo curata con delle piccole accortezze per renderla più casalinga.;05/07/2019;sp
antonioreitano;Camping Dolce Sole;Un attimo punto di partenza alla scoperta di uno dei territori più belli del nostro Paese. Ti affacci e gli occhi scattano un'istantanea indimenticabile: di fronte il lago, alla sinistra il complesso di Misurina con alle spalle le Tre Cime di Lavaredo. La possibilità di cenare sul posto, a poco prezzo per una discreta qualità, è una alternativa lodevole. La colazione è davvero ottima e fornita, impreziosita da dolci fatti in casa. La stanza (economica) pulita e funzionale. Tra tutto questo, e non è poco, il punto di maggiore forza resta il personale, che è di squisita cortesia, trasmettendo all'ospite la passione per il proprio lavoro e la capacità di farlo sentire, seppure in vacanza, come a casa circondato da amici.;05/07/2019;sp
antonioreitano;Camping Olympia;Bellissimo posto vicinissimo ai famosi sassi. Non eravamo mai stati a Matera e abbiamo avuto modo di visitarla. Location caratteristica, accogliente ben ordinata e personale super gentile. lo consigliamo vivamente .;05/07/2019;sp
antonioreitano;Camping Sabbiadoro;Il rifugio è situato in posizione strategica di fianco alla partenza della funivia, ed è presente anche il ristorante/pizzeria oltre che un bar/souvenir.La camera nel complesso buona con una bella vista a sud verso il mare e Catania...peccato per un po' di foschia mattutina! Inoltre abbiamo notato che le pareti della stanza non sono molto insonorizzate e a causa di ciò più la presenza di ospiti molto maleducati che fino a tarda notte (l'una e oltre) urlavano e i loro bambini che correvano e saltavano sulle scale e nei corridoi comuni non siamo a riusciti a dormire.Ottima la colazione varia (sia dolce che salato) e buono il servizio.;05/07/2019;sp
antonioreitano;Camping Torre Castiglione;È stata un. Esperienza a dir poco fantastico un posto meraviglioso dove si può godere di un magnifico panorama e godere del relax totale I ragazzi che lo gestisco sono eccezionali cordialità disponibile allo stato puro sono riusciti a farci sentire a casa e vogliamo parlare della serata pizza da provare assolutamente la loro specialità una bellissima iniziativa per stare tutti insieme e goderci una saporita pizza ?? lo consiglio veramente a tutti il luogo perfetto per staccare dalla routen quotidiano A presto ragazzi Servizio impeccabile qualità prezzo ottimo ??;05/07/2019;sp
antonioreitano;Camping Village Capo d'Orso;Siamo stati 4 notti in questa struttura ma abbiamo trascorso nottate di caldo insopportabiei, in quanto la stanza era fornita di un semplice ventilatore che, non poteva certo risolvere il caldo dei 40° ! La colazione è risultata povera e poco attrezzata, mancavano semplici pinze per biscotti e pancarrè che bisognava perciò prendere tutti con le...mani.Il personale è risultato assente.;05/07/2019;sp
antonioreitano;Camping Village Firenze;Abbiamo pernottato in questa struttura dal 31 dicembre al 3 gennaio. Situato nel centro storico di San Benedetto, risulta estremamente comodo per raggiungere ogni luogo della città. Stanza con bagno discreta e pulita. Ricca colazione a buffet.;05/07/2019;so
antonioreitano;Camping Village La Pineta;Partiamo dal dire che è il posto più pulito dove abbia alloggiato in vita mia! La signora Federica e gentile e dire disponibile è poco! Il BB è un appartamento e la nostra camera era grande e con un balcone vista Capri. Il bagno era provato ma non in camera. Pensavamo sarebbe stato un problema ma non è stato così perché sono tutti sempre presenti ma invisibili. C’è una cucina dove la mattina ti puoi preparare la colazione, loro ti metto a disposizione il tutto. Molto semplice non aspettatevi grandi abbuffate o ricchi buffet. Il BB è centrale facilmente raggiungibile con il bus e la funicolare solo che se torni oltre l’orario consentito dai mezzi e un po’ un casino perché è una lunga lunga camminata e farla in tarda sera non proprio piacevole! Se siete in vacanza e avete l’auto o avete intenzione di affittarla allora non esitate a prenotare qui! Ottimo rapporto qualità prezzo e un servizio navetta offerto dal gentilissimo Marco, il figlio, educato e simpatico ad un prezzo più che conveniente!…;05/07/2019;sp
antonioreitano;Camping Village Torre Pendente;Ho soggiornato al camping europa nel week end con i miei figli ( 2 )  . Facile da trovare a Cavallino inoltre la reception ha lavorato velocemente ed  in 10 minuti eravamo nella unit . La casetta è confortevole e non manca davvero niente. Pulita a dovere. Certamente torneremo .;05/07/2019;sp
antonioreitano;Cannaverde - Amalfi Coast Camp;Un hotel molto accogliente ,molto pulito  con camere belle , colazione abbondante con molta scelta , posizione strategica con la stazione vicinissima  ci torneremo. Staff di persone simpatiche molto professionali.;05/07/2019;sp
antonioreitano;Castello di Baccaresca;ottimo hotel .già stata .il personale della colazione eccelente .gentile disponibile.buona colazione.la pulizia della stanza  buona con delle occorgimenti set bagno accapatoio.un pò freddo il personale alla recpition.un sorriso non fà male.;05/07/2019;so
antonioreitano;Cesenatico Camping Village;ho passato un weekend in questo b&b e dovevo per forza recensirlo positivamente. bella camera con aria condizionata,personale giovane,gentile e molto disponibile,ottima colazione e ottima posizione.. insomma è dura chiedere di meglio!;05/07/2019;sp
antonioreitano;Chalet Lago Antorno;La posizione è ottima, parcheggio disponibile con cancello elettrico. I proprietari sono gentilissimi e disponibili. La colazione è abbondante e variegata. La stanza al mio arrivo era calda e pulita (sono andati a fine dicembre). Il bagno ampio e pulito. Altamente consigliato.;05/07/2019;ce
antonioreitano;City Hotel;personale ottimo, belle stanze, cucina casalinga ma accurata, solo..... non chiedete le stanze vista mare, non si dorme a causa dei locali sul lungo mare, o degli eventi che l'hotel organizza in piscina. Meglio affacciarsi e vedere le colline....per altro le stanze sul lato interno sono rinnovate e davvero bellissime.;05/07/2019;sp
antonioreitano;Corte Rossetti Le Dimore B&B;Un posto davvero accogliente, personale gentilissimo, camere arredate in modo molto accurato, bagni comodi, molto pulito. Centralissimo. Meglio di un albergo a cinque stelle. Ci ritorneremo presto. Lo consiglio.;05/07/2019;sp
antonioreitano;Cosmopolitan Business Hotel;Ambiente magico e suggestivo. Camere da sogno con una spettacolare vista sul mare. Personale della struttura molto professionale, disponibile e discreto. Colazione e cena sulla terrazza vista mare assolutamente da provare, cucina di altissimo livello.;05/07/2019;ce
antonioreitano;CP Residence;Utilizzo questo mezzo per ringraziare e salutare lo staff dell'hotel pianeta Maratea.abbiamo trascorso una piacevolissima settimana appena conclusa in una bellissima struttura immersa in un paesaggio a mio avviso spettacolare,vista mozzafiato,costa e spiagge quasi per niente antropizzate.ho sorriso e conversato per l'intera settimana con persone di estrema gentilezza e disponibilità. grazie quindi al personale di sala,della reception,al personale in spiaggia,ai ragazzi del bar e della piscina e ai ragazzi dell'animazione bravissimi,solari,coinvilgenti.un abbraccio.Ada;05/07/2019;so
antonioreitano;Crowne Plaza Milan Linate;Abbiamo soggiornato in questo albergo nel mese di gennaio 2019 e dobbiamo dire che ci ha stupito la disponibilità del titolare (Gianmario) e dei ragazzi alla reception.Se a ciò si unisce il fatto che la struttura è in prima linea sul lungomare di Rimini ed è ottimamente rifinita, consigliano di soggiornare in questo bel albergo...Le camere sono pulite e la colazione è ottima.;05/07/2019;sp
antonioreitano;Delle Vittorie Luxury Rooms & Suites;Lo consiglio vivamente!!! la receptionist è una persona professionale e molto attenta alle esigenze degli ospiti della struttura! Appartamenti comodi, ben organizzati e puliti! È la prima volta a Torino, ma quando ritornerò non mancherò nel rinnovare la mia prenotazione del soggiorno presso di loro!;05/07/2019;ce
antonioreitano;Du Lac et Du Parc Grand Resort;Stanze grandi e pulite... Personale gentile e cordiale  pronti ad aiutare e rispondere ad ogni vostra richiesta... Posizione ottima... La colazione è variegata e le torte sono deliziose ... Ci tornerò volentieri...;05/07/2019;so
antonioreitano;Enterprise Hotel;Ottimo hotel facilmente raggiungibile dalla tangenziale e a due passi dalla fiera di Bologna.Camere grandi, pulite e confortevoli. Molto comodo il phon in bagno potente e non come quelli che solitamente si trovano nelle altre strutture. Personale disponibile, colazione ricca e variegata per andare incontro a tutte le esigenze e a tutti i palati. Assolutamente da riprovare!;05/07/2019;sp
antonioreitano;Europa Camping Village;A prima vista non sembra interessante. Appena sali in camera ti accorgi che e' un hotel che non sembra confortevole ma lo è. Camere di livello superiore e, poi nel centro del centro di Roma, al Pantheon, che dire di più. La prima colazione si consuma in uno dei bar con tavolinetti all'aperto nell'incantevole piazza della Rotonda proprio di fronte al Pantheon. Che dire di più. Un'ottima scelta.…;05/07/2019;sp
antonioreitano;Family Apartments;Ospitale , pulito, è come sia la tua seconda casa, ti senti al sicuro. Attento ai minimi particolari. Si ha a disposizione la spiaggia privata ed il parcheggio incluso nel prezzo.Ospitali e gentili. Lo consiglio vivamente!;05/07/2019;so
antonioreitano;Firenze Suite;Abbiamo soggiornato per una notte in questo hotel sulla collina di Lipari con vista mozzafiato sul porticciolo di Marina Corta. Il personale è stato estremamente disponibile. Molto comodo il servizio di navetta gratuita per raggiungere il centro. La camera con vista sulla piscina e sul mare era spaziosa e molto confortevole. La piscina a sfioro con vista sul mare è veramente indimenticabile. Ottima colazione.;05/07/2019;so
antonioreitano;Fra i Sassi Residence;Bello il posto, la zona camera pulita. L'accoglienza è stata eccellente , molto cordiale e gentile!  Siamo stati solo una notte, la zona è molto tranquilla immersa in un bel giardino di fronte al mare.;05/07/2019;so
antonioreitano;Genusshotel Goldene Rose;Ambiente tranquillo,pulito con personale presente ed educato,colazione varia,tutto buono!Anche il parcheggio 10 euro al giorno abbastanza soddisfacente e videosorvegliato,peccato che per la pioggia nn abbiamo potuto usare le bici e la jacuzzi all'aperto che erano gratis....È piovuto 3 giorni di seguito!cmq ci ritorneremo speriamo con bel tempo.;05/07/2019;sp
antonioreitano;Genzianella;I miei figli ci hanno regalato un pernottamento in questa struttura a 2 minuti dal mare, siamo stati ospitati in una maniera squisita... proprietario simpaticissimo, letti comodissimi e colazione abbondanteConsiglio questo albergo a coloro che vogliono godersi qualche giorno di relax;05/07/2019;so
antonioreitano;Gimmi Hotel;Ottima ospitalita'.Appartamento confortevole e pulito,situaTo nel centro storico di Salerno,in una delle principali piazze delle luci d'artista.Luca,uno splendido padrone di casa.Colazione eccellente come la vista mare .Ve lo consiglio!;05/07/2019;ce
antonioreitano;Grand Hotel Assisi;Ambiente accogliente e soprattutto pulito, ma quello che ho apprezzato maggiormente è la cortesia e la disponibilità. Ottima colazione composta da prodotti freschi e comunque di qualità. Qualora dovessi tornare non avrei dubbi nella scelta.;05/07/2019;sp
antonioreitano;Grand Hotel Pianeta Maratea Resort;Ci siamo stati la settimana scorsa in famiglia , la struttura è molto bella e ben arredata anche se ci sono vari gradini un pò scomodi per arrivare nei piani superiori. La nostra camera era ben arredata ma le finestre davano su un muro di un palazzo distante 1 metro e mezzo, non era certo un bel vedere, il bagno efficiente era con vasca , non il massimo , e il water perdeva acqua e tutta la notte si sentiva lo sgocciolare . Peccato per una struttura cosi bella.;05/07/2019;so
antonioreitano;Grand Hotel Villa Torretta Milan Sesto, Curio Collection by Hilton;Ho soggiornato una notte in questa struttura ed è stato un ottimo soggiorno. Ambiente curato, molto pulito ed ordinato e vicino al lungolago (ci sono state fornite due bici con cui abbiamo agevolmente raggiunto il centro). I padroni di casa sono molto cordiali ed ospitali,  simpatici e di nessun disturbo i loro piccoli amici a quattro zampe. La colazione è ottima e con molta scelta. Un punto in più merita il B&B per la bella piscina, mai affollata per le poche camere della struttura. Ci torneremo se dovessimo alloggiare di nuovo a Desenzano.;05/07/2019;ce
antonioreitano;Grotta dell'Eremita;Questo bed  si trova in pieno centro storico a un passo dall'area pedonale,  e a un passo dal Torrione che domina la cittadina. Quindi lasciata la vettura si raggiunge tutto a piedi, massima comodità.  Essendo in un vecchio palazzo si sviluppa in altezza e per raggiungere le camere occorre salire le scale un po strette specie avendo i bagagli.Le camere portano il nome dei fiori, noi avevamo la Rosa, stanza piccolina ma carina , carino anche il bagno con una comoda doccia. Colazione all'italiana iper abbondante e gestore gentile. La notte, i termosifoni si spengono e la camera è un po freddina  visto che il condizionatore non scalda. No carte.;05/07/2019;sp
antonioreitano;Halanus Hotel & Resort;Vacanza consigliabile all'hotel Belvedere di Torre Dell'orso dove troverete una reception con tanta cortesia e professionalità grazie al direttore Francesco con Giusi Sara Nicole Marco. Citazione doverosa per chef Marco Longo che ci ha deliziato con grande classe il palato e il maitreMaurizio con tutto il personale di sala.Cosa dire siete stati stupendi …..ci rivedremo grazie Beppe;05/07/2019;sp
antonioreitano;Hilton Lake Como;Hotel semplice con personale sorridente e pronto a risolvere eventuali piccoli problemi. Posizione comoda in quanto è proprio difronte la stazione di S. Maria degli Angeli dove è possibile prendere l'autobus per Assisi. Unico appunto che mi sento di fare è di migliorare l'impianto di riscaldamento ed evitare di fotografare i documenti con lo smartphone.;05/07/2019;ce
antonioreitano;Hotel Abruzzi;Assieme alla mia consorte abbiamo trascorso in questa struttura il periodo dal 21 al 28 aprile. Ottimi rapporti con il personale tutto, stanza pulita e dotata di tutto quello che era indicato sul sito. Il cibo ben cucinato e presentato, servizio veloce ed impeccabile, Un sentito ringraziamento al maitre di sala.Panorama favoloso, unico neo, come da titolo, le scale. Per persone anziane potrebbero presentare un problema.…;05/07/2019;sp
antonioreitano;Hotel al Lupo;Abbiamo soggiornato alla Masseria la Chiusa nella settimana a cavallo di ferragosto.La location è splendida, almeno per i nostri gusti: sufficientemente vicina alla SS 624 che consente di raggiungere facilmente sia Palermo che la costa sud della Sicilia, la struttura è comunque isolata da qualunque strada trafficata, praticamente a ridosso di una piccola montagna splendido il panorama splendido il cielo di notte, lontani da sorgenti luminose di strade e paesi.La struttura nel complesso è molto grande e confortevole noi avevamo una casetta monoambiente soppalcato a circa duecento metri dal corpo centrale, grande, confortevole e con angolo cottura: piccola pecca, che comunque negli anni abbiamo riscontrato anche in altre strutture, la scarsa disponibilità di armadi per poter ospitare 4 persone lo spazio non manca per poterne aggiungere qualcun'altro, magari sotto la scala del soppalco.Buona la piscina e soprattutto, cosa che in tanti anni non ci era mai capitato in nessuna struttura, le docce annesse sono dotate di acqua calda, cosicché è possibile, prima di entrare in piscina, cominciare la doccia calda, e via via passarla a fredda in modo tale da ambientarsi gradatamente e poter entrare in piscina senza traumi.Il servizio ristorante è di buona qualità personale cordialissimo e buon cibo forse a qualcuno potrebbe sembrare un po' monotona la varietà delle pietanze, che in effetti in una settimana tendono inevitabilmente a ripetersi almeno una volta, ma c'è da considerare che quasi tutto viene preparato con prodotti stagionali, spesso coltivati in azienda, per cui per noi va bene così.Infine molto cordiali sia i titolari che il personale tutto, sempre presenti e disponibili.Un consiglio che mi permetto di dare, per favorire il soggiorno di chi, come noi, ama girare i dintorni e fare escursioni nonostante abbiamo due bambine (abituate, comunque, dalla nascita ad andare in giro per boschi e monti), è quello di dotarsi di opuscoli o anche semplici stampe dai tanti siti internet, sui sentieri della zona, sui paesini e sulle peculiarità del territorio. Visto che anche nei dintorni dell'azienda c'è la possibilità di fare belle escursioni, potrebbe essere pensabile anche creare o manutenere (un decespugliatore una volta al mese penso sia sufficiente) qualche semplice sentiero.Cos'altro dire ... sicuramente consigliamo il posto per tutto quanto detto sopra e, vista anche la non eccessiva distanza da dove abitiamo, speriamo in futuro di ritornare.;05/07/2019;so
antonioreitano;Hotel Al Ponte Mocenigo;Luca il proprietario, persona stupenda, ci ha aiutato in tutto, a trovarci il parcheggio, ad indicarci cosa e come visitare Salerno, dove mangiare ecc. Il B&B si trova in pieno centro storico, nel bel mezzo delle Luci di Artista, a due passi dal Duomo e dalle più note attrazioni della città. Struttura molto pulita e curata, colazione super. Ci torneremo senz'altro.;05/07/2019;sp
antonioreitano;Hotel Alessandro della Spina;devo dire che non ho trovato nulla da eccepire... se non per il meteo!bellissima la struttura, la vista sulla campagna, la piscina e il cibo!Ho bevuto il vino prodotto da loro e devo dire che mi ha stupito, fresco, piacevole e soprattutto biologico!Mi è piaciuto tutto;05/07/2019;sp
antonioreitano;Hotel Aquila D'Oro;L'hotel si trova in un'ottima posizione, con due bambine di 2 e 5 anni è stato comodissimo avere una piscina attaccata alla spiaggia! Tutto lo staff è stato gentile e cordiale, soprattutto il signor Matteo, che ha accolto ogni nostra richiesta con molta professionalità e simpatia. La struttura dell'hotel è molto classica e caratteristica, piacevole da vedere.  Le camere spaziose erano molto pulite, unica pecca l'assenza di balcone, ma   non ci è pesato più di tanto stando sempre fuori. Comodissimo il vialone pedonale situato proprio dietro l'hotel per passeggiate serale. Piacevole la colazione servita in terrazza accanto alla piscina frontemare, molto varia. Lo consiglio e sicuramente ci torneremo!;05/07/2019;sp
antonioreitano;Hotel Barchetta Excelsior;Struttura nuova con design in legno, moderna ma che al tempo stesso richiama un sofisticato stile della valle con eleganza. Colonnine per ricarica delle auto elettriche. Abbiamo alloggiato nella suite, con salottino, caminetto elettrico, bagno molto ampio, doccia con diversi tipi di idro-massaggio, frigo, tv e tavolo (perfetto anche per riuscire a lavorare). Due grandi balconi con differenti esposizioni per decidere se prendere il sole o rilassarsi a leggere al fresco dell'ombra entrambi con poltroncine e tavolino. La stanza da letto gode di una vista semplicemente meravigliosa sulle Pale e la catena montuosa della Valle. Al mattino è magnifico svegliarsi e fare alzare la serranda elettrica semplicemente toccando il tasto a fianco del letto e godere la magnificenza di un risveglio con quella vista. Roba da film. Colazione con tutti i prodotti tipici della zona, speck, speck cotto, formaggi, latte e tutti gli altri prodotti caseari prodotti a pochi metri dal Maso. Una serie di torte differenti e tutte deliziose preparate fresche ogni giorno dal titolare della struttura, oltre a brioches, krapfen, uova, succhi di mele. Camere e ambiente pulitissimi. Cortesia e gentilezza ad altissimi livelli sia alla reception che in sala durante i pasti. Possibilità di prenotare direttamente dalla reception l'ingresso al centro termale di Pozza di Fassa. Non volendo cenare in hotel ci hanno consigliato e prenotato un tavolo in un altro maso che senza di loro non avrei mai trovato. Che dire? Albergatori di altissimo livello. Struttura da non voler abbandonare il giorno della partenza. Ideale per vacanza a sciare è a 20 metri dal Cermis. Meglio ancora per una vacanza romantica in coppia.  Stra-consigliato.;05/07/2019;sp
antonioreitano;Hotel Belvedere;Siamo stati a Torino dal 2 al 5 gennaio 2019 e abbiamo soggiornato al residence Sacchi:-posizione centralissima....abbiamo parcheggiato la macchina all'arrivo e ripresa alla partenza!-appartamento molto carino pulito e dotato tutti i comfort-personale alla reception molto cortese e disponibileSicuramente sarà di nuovo la ns residenza per la prossima visita a Torino città affascinante ed elegante!!!!!;05/07/2019;sp
antonioreitano;Hotel Benaco;Posto accogliente, colazione ottima, proprietaria disponibile e molto gentile. Locazione del b&b un po' distante dal centro ma comunque vicino al lungomare quindi questo unico problema si annulla.....;05/07/2019;sp
antonioreitano;Hotel Cannes;La gentilezza del personale è da 10 e lode.Hotel pulito e camere spaziose.Colazione ben fornita sia dolce che salatoPurtoppo il bimbo si è ammalato ed abbiamo avuto bisogno di richieste ben specifiche ed il personale ha soddisfatto ogni nostra esigenza. Complimenti...ritorneremo presto.;05/07/2019;so
atty59;A Casa di Emma;Personale accogliente e disponibile, camere belle e pulite... hotel ideale per trascorrere un po' di giorni in relax! Posizione tattica per fare tante belle passeggiate immersi nella natura! I bambini si sono divertiti e hanno anche visto la volpe e l'ermellino!!;05/07/2019;sp
atty59;Hotel Como;B&B a pochi passi dal centro, con delle belle terrazze che danno respiro alle camere. arredamento semplice, camere pulite, colazione buina (considerata la media delle 5 terre). Servizio attento, generosità nelle indicazioni per godersi al meglio la città e la zona.;05/07/2019;sp
atty59;Hotel Concorde;Gentilezza, comodità, pulizia al top... A tredici (contati) passi dal mare e sul lungomare di Torre Pedrera, colazione classica e abbondante e la insonorizzazione della camera che rendono il riposo perfetto. Nessuna nota negativa.;05/07/2019;sp
atty59;Hotel Continental;Molto vicino al centro della città. Pulito, moderno e ben arredato. Proprietari gentili e disponibili ad ogni esigenza. Possibilità di parcheggiare sulle strisce bianche lungo la via oberdan. Consigliato!;05/07/2019;sp
atty59;Hotel Desenzano;Hotel pulito, curato, personale molto giovane e cordiale, ottima la colazione abbondante e varia , camere pulite e nuove, peccato l’aria condizionata un po’ rumorosa, leggermente lontano dal centro ma facilmente raggiungibile. Vale la pena soggiornarci!!!;05/07/2019;sp
atty59;Hotel Engadina;Abbiamo soggiornato in questo bellissimo b&b in una posizione comoda per visitare tutta la città.Susanna ed Andrea sono stati molto ospitali. Hanno avuto l'attenzione subito di omaggiare i nostri figli all'arrivo. Buonissima la colazione e la gentilezza nell'orientarci per la città. Tanti piccoli particolari che hanno reso 2gg ricchi e particolari. Grazie ancora e alla prossima visita!! Alan,Silvia,Lisa ,Rocco rsm;05/07/2019;sp
atty59;Hotel Excelsior;Soggiorno di lavoro e quindi solo x una notte. Molto bella la posizione e complimenti ai proprietari x la loro cordialita', validissima la colazione oltre a stanze perfette ovviamente. La posizione vicino a bergamo alta completa il quadro..consigliatissimo;05/07/2019;ce
atty59;Hotel Filù;Eravamo stati all'albergo altre due volte e come prima ci siamo trovati benissimo. L'albergo e' bello, curato e molto accogliente che rende il weekend romano ancora piu piacevole! La nostra camera al sesto piano dell'hotel aveva il suo terrazzo privato che dava sulla Piazza della Rotonda dandoci un panorama unico del Pantheon.  La colazione è buona e varia. La camera era assolutamente pulita e ben tenuta. Il personale era molto cortese e disponibile a ogni nostra esigenza. Ve lo consigliamo!;05/07/2019;sp
atty59;Hotel Galant;Era la mia seconda visita. L’anno scorso ero stato molto bene in questo business hotel. Quest’anno ho trovato una struttura carente di manutenzione: guarnizioni quasi del tutto sfilate dalle guide della porta, rubinetteria che ‘balla’, un lavandino lesionato e da sostituire, il bidone dell’immondizia con tanto di marchio dell’hotel strapieno nel garage con vari sacchetti abbandonati a terra, immondizia varia sparsa sul pavimento del garage. Tutti segnali della mancanza di un capo che guidi la struttura. Peccato perché il personale è gentile, il parcheggio coperto e gratuito è una chicca e l’hotel è pulito e comodo.;05/07/2019;sp
atty59;Hotel Il Guercino;Abbiamo trascorso una bella festa di pensionamento in questo ristorante: abbiamo concordato col signor Guido il menu e il costo per 64 di noi! La sala al primo piano che ci ha ospitato tutti è accogliente, i piatti sono stati gradevoli, il servizio cortese e attento, bello il giardino sul retro. Tutto piacevolissimo!…;05/07/2019;so
atty59;Delle Vittorie Luxury Rooms & Suites;Sapevo già che nella zona Austria-Alto Adige i campeggi sono molto belli e organizzati,a questo li batte tutti. Bagni sempre puliti, Servizi al top e personale molto cordiale. Sicuramente il miglior posto in cui soggiornare se volete visitare la Val Pusteria!;05/07/2019;so
atty59;Du Lac et Du Parc Grand Resort;Hotel molto caratteristico camere molto accoglienti personale gentile ed educato mangiare abbondante e ottimo posizione molto vicina al paese dove si possono acquistare articoli a buon prezzo paese molto bello.;05/07/2019;ce
atty59;Enterprise Hotel;Accoglienza impeccabile, staff gentile e paziente, servizio puntuale, appartamenti bellissimi e confortevoli. Zona crocetta, posizione centrale e comoda ai mezzi. Consigliato assolutamente sia per coppie sia per famiglie!;05/07/2019;sp
atty59;Europa Camping Village;Bella sistemazione. Comoda da raggiungere dalla stazione anche sotto la pioggia per via dei portici.Alloggi puliti e ben equipaggiati per una sosta anche prolungata.Altra notizia importante per i cinofili: si possono portare i cani!!!!;05/07/2019;so
atty59;Family Apartments;Diverse volte ho soggiornato in questo hotel, buona accoglienza e ottima ristorazione ( a prezzi corretti per Bologna)... La camera assegnata con muro sporco... Ultimo giorno acqua calda assente in doccia e per 3 giorni wifi lentissimo (lamentela condivisa da altri ospiti)...non scaricava nemmeno i messaggi di WhatsApp... Figurati potere lavorare...;05/07/2019;sp
atty59;Firenze Suite;posto centrale anche se pino di sensi unici, camera grande e comoda doppi letti alla francese, accogliente, calda e silenziosa, personale simpaticissimo e accorto,  garage, il tutto ad un prezzo incredibilmente basso, la colazione e self service.;05/07/2019;sp
atty59;Fra i Sassi Residence;a 20 metri dalla piazza vecchia.edificio del '300 che conserva le originarie travature a vista e restaurato con rispetto e dovizia di mezzi che lo rendono lussuoso.assistenza gentilissima da parte della conduzione familiare.parcheggio privato vicino. prima colazione raffinata.;05/07/2019;so
atty59;Genusshotel Goldene Rose;Palazzo affascinante, posizione unica come la vista direttamente sulla suggestiva Piazza Navona. Personale gentile e disponibile. Le camere originali, di un design moderno e curato nei minimi dettagli e colazione buonissima. Niente di meglio;05/07/2019;so
atty59;Genzianella;Siii dopo vacanze in Calabria decidiamo di andare a Matera decidiamo di pernottare un b&d e qui colpp di fortuna il proprietario persona seria e prefessionale camere nuove spaziose e pulite climatizzate e biancheria profumata ci consiglia intinerario e trattoria da paolangela prezzi medio bassi e cibo genuino poi la città di Matera unica al mondo spettacolare la sera la via principale locali ristoranti tutti aperti un consiglio rimanete anche x 1 notte perché la vista di notte è tutto più bello;05/07/2019;so
atty59;Gimmi Hotel;Posto incantevole,panorama mozzafiato giardini curati, ambiente sofisticato ... camerieri gentili, aperitivi completamente inadeguati degni di un anonimo bar di terzo ordine...olive e mandorle stantie.;05/07/2019;so
atty59;Grand Hotel Assisi;Soggiorno di due notti. Appartamento con accesso indipendente, ampio con angolo cottura, due bagni e due camere. Adatto per noi che viaggiavano in due adulti e due bimbi. Posizionato nella zona alta di Manarola non lontano dall'accesso ai sentieri per raggiungere i paesi vicini. Visto la posizione qualche fatica in più per raggiungerlo dalla stazione ma da mettere in conto per soggiorni alle cinque terre. Colazione buonissima con prodotti fatti in casa o locali.;05/07/2019;sp
atty59;Grand Hotel Pianeta Maratea Resort;Ho soggiornato solo una notte con formula B&B. Stanza molto pulita e confortevole. Leggermente rumorosa l'aria condizionata (come nella gran parte degli hotel). Colazione continentale molto varia e personale gentile.;05/07/2019;sp
atty59;Grand Hotel Villa Torretta Milan Sesto, Curio Collection by Hilton;Ambiente molto accogliente direi romantico. Locali veramente molto belli ed ottima illuminazione. Cena strepitosa con ottimi prodotti locali. Ideale per serata romantica ma anche per staccare dalla routine quotidiana. Una vera e propria boccata d’ossigeno. Consigliatissimo.;05/07/2019;sp
atty59;Grotta dell'Eremita;Hotel davvero bellissimo e sublime a Desenzano del Garda si trova proprio lungo la riva del Lago di Garda... un angolo di pace e relax davvero a mio avviso. Staff davvero cortese e disponibile, camera belle e spaziose, davvero bellissima la tv al plasma nonche' smart tv. Ho soggiornato per lavoro ma sicuramente in primavera/estate tornero' a Desenzano e soggiornero' qui.;05/07/2019;sp
atty59;Halanus Hotel & Resort;Abbiamo pernottare una notte in questo piccolo albergo da poco ristrutturato e devo dire che mi sono trovato molto bene.Praticamente è affacciato sul mare, le camere sono sufficientemente grandi dotate di ogni confort, e' arredato con gusto e con tanta tecnologia.Il personale molto accogliente e disponibile..Pulizia bagno e camera molto accurata.Colazione di qualità  molto varia con un buffet ricco di prodotti salati e dolci,  molti dei quali fatti in casa, come i biscotti e la torta della nonna veramente  deliziosa, i succhi di frutta vera, le spremute,ecc.Inoltre il tutto e' completato dalla cordialità, disponibilita' e professionabilita'di Davide che è il titolareDa consigliare vivamente.Torneremo di sicuro;05/07/2019;ce
atty59;Hilton Lake Como;Ho soggiornato una sola notte e devo dire che mi sono trovato bene. L'hotel è pulito e ordinato, molto vicino al mare, il personale molto gentile, le camere normalissime rispecchiano le fotografie, i bagni sembrano nuovi. La colazione a buffet semplice, come nella maggior parte degli hotel. Offrono anche il servizio noleggio biciclette.Prezzo onesto;05/07/2019;so
atty59;Hotel Abruzzi;Sono stato in questo Hotel con mia moglie durante una gita a bergamo alta abbiamo deciso di dormire a bergamo alta per apprezzare tutto il sapore di questa splendida città.Bergamo alta è veramente molto bella e ben tenuta. Abbiamo potuto apprezzare tutto il sapore e la bellezza che si trova in questa parte della città. Si respira un'aria antica e suggestiva.L'hotel si trova in pieno centro in un palazzo storico e molto bello dal quale è possibile godere di una bellissima vista. camere pulite e ben tenute bellissima la vista sui tetti.Non proprio eccezionale il rapporto qualità prezzo che ho trovato un tantino eccessivo.Comunque un bel posto!;05/07/2019;so
atty59;Hotel al Lupo;Struttura semplice situata a pochi passi dal centro. Non dispone di un proprio parcheggio per le autovetture  (sono presenti solo 3 posti auto in totale), ma lungo le strade vi sono parcheggi a pagamento (gratuiti nelle ore serali). Le camere sono semplici e pulite con tv, frigobar, cassaforte ed asciugacapelli in bagno. Connessione wifi buona in tutta la struttura. La colazione è all'italiana, servita al tavolo e varia, con attenzione anche per intolleranze.Personale tutto molto gentile e disponibile.;05/07/2019;sp
atty59;Hotel Al Ponte Mocenigo;Ottimo veramente in tutto .....Camera silenziosa e pulitissima.....Colazione abbondante e buonissimaIn pieno centro storico , comodo per la visita della cittàPiccolo parcheggio autorizzato con permesso....Da provare !!!!!;05/07/2019;sp
atty59;Hotel Alessandro della Spina;La struttura intesa come location immersa nel verde delle colline umbre, gli appartamenti spaziosi e rustici e la bella e ampia piscina meritano sicuramente un giudizio positivo. Non altrettanto si può dire, ahimè, per un altro importantissimo aspetto: è inconcepibile che in un posto dove alcuni gestori telefonici non prendono minimamente (io con la Tre ero totalmente senza campo) il servizio Wi-Fi non funzionava per nulla quando invece al contrario avrebbe dovuto andare “a bomba” per non sentirsi “fuori dal mondo”....ed invece durante la nostra permanenza, per fortuna durata solo una notte, eravamo totalmente off-line e senza la possibilità di chiamare o ricevere telefonate, assurdo!!!! La colazione è minimal, niente di speciale, manca totalmente il salato e anche il dolce si riduce a qualche brioche e yogurt!! Occhi aperti se rientrate alla sera/notte ai cinghiali che scorrazzano nelle buie stradine che conducono agli alloggi, noi ne abbiamo incontrati due!!;05/07/2019;so
atty59;Hotel Aquila D'Oro;Lo consiglio. Camere molto curate con frigo, macchina del caffè e bollitore. Il proprietario è gentilissimo e con un occhio particolare a tutte le sfumature.La camera molto romantica con soffitti a volta tutta di tufo è arredata con stile ed provvista di ogni confort. Posizione ottima adiacente al percorso per la visita a Sassi. Sono rimasto soddisfattissimo.;05/07/2019;ce
atty59;Hotel Barchetta Excelsior;Accoglienza al top ! Ho chiesto sorpresa per la mia lei ed eccomi accontentato....  da ridire sul signore della stanza affianco il classico ciclista maleducato ha sporcato il muro del corridoio e in più ha trattato male le proprietarie perché diceva che 40 euro per due persone più le bici erano troppo!!! Questo soggetto in più si è mangiato tutta la nostra colazione che era a buffet  meno male che è arrivata Anna e per scusarsi ci ha portato la sua fantastica torta di mele e dei cornetti appena sfornati  grazie Anna e grazie silvia torneremo sicuramente;05/07/2019;ce
atty59;Hotel Belvedere;Vado un paio di volte l’anno in questa struttura. Mi sento a casa! Pulizia Impeccabile ristorazione semplice e genuina. Titolari super disponibili!  Altro particolare letti comodi dato che  Dormo 5 notti. Consigliato!;05/07/2019;so
atty59;Hotel Benaco;Abbiamo soggiornato per una settimana circa in una tenda sopraelevata. Esperienza bella! Un po piccola ma originale! Il campeggio è pulito e rilassante. L'animazione ha zoppicato un po. Ma giovani... forse prime esperienze... e con una spumeggiante carlotta alla guida, hanno fatto il loro lavoro.Ristorante ottimo! Pizze grandi e buone, pesce buono, personale deliziosamente gentile.;05/07/2019;sp
atty59;Hotel Cannes;Ho trascorso con la mia famiglia un piacevole soggiorno al Limoneto all'inizio di questa estate. La posizione è invidiabile, immersi in un verdissimo e profumatissimo limoneto, con lo sguardo sul mare e alle spalle la maestosità dell'Etna. Ampio appartamento a un costo ragionevole. Fabrizio ci ha ospitato con la sua cordialità ed efficienza e ci ha indirizzati verso le mete più importanti della costa Etnea. Senz'altro da consigliare. …;05/07/2019;sp
atty59;Hotel Central Park;Soggiorno molto soddisfacente. Camera attrezzata. Ottima la pulizia della struttura Prima colazione completa. Personale di servizio gentile e disponibile. In pieno centro lecchese. Facile da raggiungere, anche a piedi dalla stazione fs;05/07/2019;ce
atty59;Hotel Como;Hotel comodissimo e centrale. Accogliente, pulito e con tutto quello che fa comodo avere a disposizione. Colazione di qualità e abbondante. Personale gentile e competente. Ambiente tranquillo e camere silenziose.;05/07/2019;lx
atty59;Hotel Concorde;Hotel nuovo con arredi moderni, pulito e personale molto gentile e disponibile sempre. La posizione un po’ fuori rimini permette il relax totale. Direttamente sul mare, la colazione ricca di ogni tipo e per ogni gusto (i dolci sono fatti da loro, strepitosi!). Consiglio per coppie e chi viaggia da solo.;05/07/2019;so
atty59;Hotel Continental;Posizione hotel molto nella, vicinissimo al lago. Comodo parcheggio sul retro (sia dell’hotel, con pochi posti, sia a pagamento) Camere spaziose, semplici nell’arredamento ma curate e pulite.  Nel mio caso ho usufruito di una superior con balconcino e parziale vista lago.  Servizio di check in - check out molto veloce.  Colazione abbondante con sala vista lago. Le bevande (caffè, cappuccio, etc)vengono servite con una macchina automatica. Qualità non male.  Possibilità di mangiare nel ristorante dell’hotel, con qualità buona e prezzi in linea. Unica pecca, gli 8€ per il coperto e un’acqua.  consigliato.   …;05/07/2019;so
atty59;Hotel Desenzano;Classico hotel business. Si trova in comoda posizione tra l'autostrada e la città. C'è un ampio parcheggio esterno. Le camere sono ampie e ben arredate, dotate di tutti i comfort. Zone comuni con piacevole bar, grande reception. Il ristorante è di buon livello, non il solito ristorante da hotel. C'è anche una piccola ma attrezzata palestra. In complesso una buon soggiorno molto confortevole.;05/07/2019;so
atty59;Hotel Engadina;ci siamo stati x 2 notti durante il periodo dei mercatini natalizi, partirei dalla posizione: incantevole, sul lago di como, la miglior vista senza dubbio. accoglienza alla reception molto elegante e veloce,le camere molto illuminate, spaziose e con i confort di un 4 stelle   unica nota un po negativa è la zona ristorante, se siete sfortunati capitate nella zona dei tavoli dove quando qualcuno entra spalancando il portone d'ingresso, rischiate l'assideramento (ovviamente d'inverno ) a causa della mancanza di una doppia entrata che consiglio vivamente, come c'è in questo genere di situazioni per evitare che chi è seduto a consumare senta ventate di aria gelida ogni volta. Ottimo il cibo, e il vino.  Consigliatissmo !;05/07/2019;so
atty59;Hotel Excelsior;Siamo stati in questa struttura con la formula pacchetto coccole, relax e gourmet. Che dire se non magnifico!La location è di un vero castello, tenuto bene sia dentro che fuori, ambienti puliti e suggestivi, camere comode e ben arredate. Le immagini viste sul sito corrispondono alla realtà del luogo.Il cibo ottimo e abbondante, servito in una sala suggestiva ed elegante.La spa davvero funzionale e molto pulita, con un angolo relax fornito di acqua, succhi, tisane e biscotti.I trattamenti compresi nel pacchetto valgono più del prezzo pagato, eseguiti in modo professionale dalla ragazza che è molto gentile e disponibile.Tutto il personale è sempre stato disponibile, la gentilezza e l'educazione la fanno da padroni.Nei dintorni del castello la campagna regala pace e tranquillità, nelle belle giornate è possibile fare delle passeggiate con possibilità di vedere mucche,asini e cavalli che pascolano nei prati.Posto adatto per staccare dal caos e dallo stress.E'stato un weekend bellissimo, in una location da sogno.Il costo del pacchetto è di molto inferiore alla qualità e ai servizi offerti, permettendo di potersi regalare qualcosa di unico ad un giusto costo.Sperando che questa formula resti invariata, torneremo sicuramente!Consigliatissimo!!!;05/07/2019;so
atty59;Hotel Filù;Abbiamo deciso di prenotare su Booking 2 camere x due coppie,ma la scelta è stata azzeccatisima, la posizione è veramente strategica xche sei fuori dai sassi ma a 100 m a piedi sei già nel cuore di Matera, parcheggio gratuito e poi le camere! Spettacolari curate nei minimi dettagli, pulitissime con ogni confort. Infine Paolo il proprietario, gentilissimo e simpatico! Consigliato a tutti quelli ke vanno a visitare questa città stupenda....;05/07/2019;lx
atty59;Hotel Galant;Esperienza positiva, l'hotel è in centro storico e i monumenti più belli sono visitabili a piedi, le camere sono ben fatte (tranne la luce veramente scarsa nel bagno), il personale è molto cortese e disponibile, la struttura è un antico palazzetto, restaurato in modo raffinato.;05/07/2019;ce
atty59;Hotel Il Guercino;Camping caro, troppo caro per quello che offre.Pro:- pineta e spiaggia sabbiosa all'interno del camping - bagni pulitiContro:- prezzi di alloggio elevati - piazzole piccole- prezzi di bar/minimarket/pizzeria esagerati- si pagano a parte wi-fi e docce calde (nonostante le tariffe già elevate)- area giochi per bambini non illuminata di sera- animazione mediocre e per nulla simpatica- spiaggia piccola e sovraffollata- c'è una seconda spiaggia nel campeggio molto bella accessibile attraverso un breve sentiero, che è quella che si vede nella foto del profilo del camping: quest'estate presentava almeno due metri di alga, non risultando dunque accessibile. Pulirla no??- poca cortesia da parte degli operatori del campeggio- scarsa qualità del sonno dovuta al mancato rispetto degli orari del silenzio, sia di pomeriggio che di notte- pizzeria/ristorante di scarsa qualità (una sera abbiamo mangiato delle pizze crude e in un'altra occasione abbiamo super-pagato una spigola di appena 250 gr.), oltre che tempi di attesa lunghissimi nonostante non fosse pieno.A prova di tutto ciò vi è la constatazione che ad agosto erano presenti molte piazzole vuote. 3 anni fa ricordo che si faceva la coda per entrare.Dopo un anno di lavoro avevo aspettative elevate per le tanto meritate ferie e sono rammaricato per non essermi trovato bene.Di sicuro non ci ritornerò.;05/07/2019;so
atty59;Hotel Il Portichetto;Ho soggiornato in questo B&B per una sola notte. Un posto unico. Qualcosa di eccezionale. Ambiente curatissimo, arredamento fantastico. Come tornare nel passato. Quello che mi ha colpito è tutto il legno che oltre ad arredare crea un luogo fantastico. Colazione ottima. Gestori cordiali e molto accoglienti. Tornerò per una vacanza. Grazie e a presto;05/07/2019;sp
atty59;Hotel Jet;Sono stato un fine settimana con amici a inizio luglio. Solo pernottamento. Hotel piccolo di dimensioni, altrettanto le camere. Ma adatto alle esigenze di un gruppo di ragazzi che decidono di trascorrere un fine settimana in Versilia. Prezzi buoni, buon rapporto qualità/prezzo. Il personale è stato molto gentile, molto disponibile ed accogliente, fuori dal comune. …;05/07/2019;so
atty59;Hotel La Perla;Per motivi di lavoro soggiorno qui, posizione ottima, vista lago, struttura ben tenuta, panorama unico del lago. È fuori dall'abitato, per cui necessita avere un mezzo. Albergo di qualità, immagino vada anche bene per occasioni non lavorative;05/07/2019;ce
atty59;Hotel Luna Lughente;Non puoi trovarci un difetto solo cose positive Dall’accoglinza, il servizio ristorante, le camere, l’accesso alla spiaggia privata tutto eccellente Ti svegli e senti solo il rumore delle onde che si infrangono sugli scogli, vedi l’alba dal balcone, mangi con vista sul mare. Ha la piscina, un ampio parcheggio a pagamento e uno più piccolo gratuito Mette a disposizione navette gratuite x il centro... uno spettacolare accesso alla spiaggia attraverso una grotta...Prezzo alto ma ne vale la pena;05/07/2019;so
atty59;HOTEL MAIOLI;Il B/B è a conduzione familiare, si trova al secondo piano di una palazzina sulla via nazionale a Pescara, confine con Montesilvano.  Molto comoda la fermata bus proprio fuori dalla struttura. Le camere sono abbastanza ampie, ottime per singoli o coppie, e silenziose. Ho sempre dormito tranquillamente durante la notte. Balcone ampio, bagno pulito. Il letto era un matrimoniale da 1 piazza e mezza, comodo. Eccellente la varietà di torte e muffin disponibili per colazione, tutte fatte in casa dalla signora Marisa che è stata gentilissima ed anche una gradevole conversatrice durante la colazione. Volendo si può richiedere anche il salato.  Ottima soluzione per soggiorni di pochi giorni, il mare dista 5 minuti a piedi. Sicuramente consigliato. …;05/07/2019;so
atty59;Hotel Maranello Village;Abbiamo prenotato un weekend per festeggiare il nostro anniversario e la scelta è’ stata azzeccatissima! La struttura offre camere arredate in puro stile veneziano . Eleganti e molto curate . La posizione è’ ottima e permette di muoversi per la città e di raggiungere facilmente i punti strategici! Il personale si è’ dimostrato gentile e disponibile. Insomma un hotel che le stelle le merita veramente. Grazie per averci ospitato.;05/07/2019;ce
atty59;Hotel Margherita;Ottima posizione per visitare il lago e il centro storico di Como. La struttura è un po' vecchiotta ma tenuta bene. Camera ben pulita. Sono disponibili solo pochi parcheggi sul marciapiedi davanti all'ingresso. I prezzi sono sotto la media della zona.;05/07/2019;ce
atty59;Hotel Marina;Hotel situato a pochi minuti a piedi dal lago. Nelle immediate vicinanze ristoranti e supermercato.Personale cordiale e disponibile. Buona la pulizia generale.Pochi parcheggi riservati all'hotel ma molti presenti nelle vicinanze.Da migliorare secondo me la colazione che viene servita al tavolo. Allestendo un piccolo buffet dolce e salato sarebbe meglio così ognuno si prende ciò che preferisce in quantità che preferisce senza dover continuamente chiedere.Le stanze sul lato strada molto rumorose. La strada sottostante è molto rumorosa a tutte le ore.Disponibili appartamenti attrezzati per famiglie.;05/07/2019;so
atty59;Hotel Matilde;In un ambito naturalistico e tradizionale, sbuca la completezza di questo hotel e ristorante, ottimo per chi vuole spendere poco mantenendo la qualità e la bontà. Queste recensioni sono tutte per voi cari lettori;05/07/2019;so
atty59;Hotel Mercurio Venezia;È solo la seconda volta che veniamo al camping Olympia ma torneremo tutte le volte che sarà possibile: è tutto perfetto, pulito, organizzato e accogliente. E la zona merita sicuramente tanti chilometri.;05/07/2019;so
atty59;Hotel Mom Assisi;Ottimo b and b. Posizione centrale comodissima. Abbiamo trovato posto per la macchina molto facilmente. Cordialità e gentilezza dei proprietari. La colazione buona e ricca. La camera molto spaziosa e pulita.;05/07/2019;sp
atty59;Hotel Nido dell'Aquila;Ottima sistemazione a riomaggiore per cordialità e gentilezza dei proprietari, per la struttura non fashion ma onesta e pulita  con il grandissimo vantaggio del parcheggio che alle 5 terre vale più di piscine e jacuzzi in camera!! Colazione buona e abbondante...insomma per chi cerca un posticino familiare senza fronzoli questo è il suo posto.  Io lo consiglio come base per visitare le 5 terre lasciando l'auto e muovendosi in treno. Ottimo.…;05/07/2019;sp
atty59;Hotel Nord Est;Camere accoglienti e calde (forse anche troppo). Ottima la pulizia e la posizione, a due passi dalla funivia dell'Etna. Personale gentile e flessibiltà di check-in. Colazione a buffet abbondante e con vasta scelta. Parcheggio gratuito in loco. Da provare!;05/07/2019;so
atty59;Hotel Orient & Pacific;Ho prenotato due notti al b&b Libertà tramite un cofanetto wonderbox. La posizione è ottima, all'inizio del centro storico (si trova a fianco del Politeama) e a due passi dalla fermata del bus per l'aeroporto.  I proprietari sono gentilissimi, ci hanno dato ottimi consigli su cosa visitare e dove mangiare. La camera è pulita, graziosa, semplice ma con tutto il necessario. La colazione offerta è stata ottima, mentre la domenica non potendo essere presenti ci sono stati forniti due buoni per fare colazione in un bar in piazza Politeama... buona soluzione. Terremo in considerazione questo b&b per futuri soggiorni a Palermo!…;05/07/2019;so
atty59;Hotel Panorama;Ho trovato intollerabile, anzi MOLTO GRAVE l'atteggiamento del proprietario. Al mattino (ore 8,50), mentre facevo colazione, vengo assalita con la richiesta di soldi e documento che la signora la sera prima si era dimenticata di chiedermi. Chiedo il permesso di finire il caffè, ma non c'è verso: vengo intimata di fare subito perché il titolare deve scappare in lavanderia (e intanto rimane davanti a me, fissandomi per creare la giusta pressione). A quel punto lascio la colazione intatta, mi dirigo verso la camera, ma il signore cerca di seguirmi addirittura in camera: al mio diniego, mi viene risposto è casa mia!! con tono aggressivo. Il simpatico signore conclude con un'imprecazione che non è possibile riportare in questa sede, a me rivolta, urlata alle mie spalle. In tanti anni di viaggio per lavoro non mi è mai capitato un episodio simile, che mi ha turbata per giorni (viaggiavo sola e sono  una donna, sicuramente non si sarebbe permesso un atteggiamento simile con un uomo). A chi legge trarre le conclusioni.;05/07/2019;sp
atty59;Hotel Piazza Vecchia;Abbiamo soggiornato ad Agosto, in coppia con la nostra bambina di un anno, e ci siamo trovati benissimo. La struttura è pulitissima, si trova a due passi dalla spiaggia ed il personale è estremamente cortese e professionale. Sono inoltre ben attrezzati anche per le vacanze dei bimbi piccoli.;05/07/2019;so
atty59;Hotel President;Siamo appena rientrate da questo ponte di Pasqua e siamo state  quattro giorni in questo hotel, struttura nuovissima con camera vista mare e pulizia al top, personale attento e gentile nell’accontentare i clienti.Infine ciliegina sulla torta, l’ottima colazione con dolci preparati da una brava pasticcera dell’hotel    con vasta varietà, dal dolce al salato e tutto con ingredienti di ottima qualità e veramente  buonissimi. Da ritornare sicuramente per la favorevole posizione e  l’ottima professionalità. Veramente eccellente, era tanto che non mi trovavo così confortata e comoda in giro e lontana da casa.;05/07/2019;ce
atty59;Hotel Relais San Lorenzo;Abbiamo soggiornato per la prima volta qui per una notte, prenotando il pacchetto notte più spa esclusiva. Abbiamo scoperto un hotel nuovo, pulito, curato nei minimi dettagli da uno staff giovane, attento e cordiale, la spa rilassante e la camera anch'essa nuova e pulita. Colazione ricca e varia con dolci fatti in casa molto buoni, la cena, fatta nel ristorante convenzionato vicino, buona e decisamente abbondante. Insomma, ci torneremo di certo!;05/07/2019;so
atty59;Hotel Riviera Blu;Abbiamo soggiornato una sola notte purtroppo in questo hotel praticamente rimesso a nuovo. Stanza molto carina con un bel bagno con doccia grande. Ambiente pulito e atmosfera calda e accogliente.Personale disponibile e gentile.Colazione abbondante e varia con dolci fatti dalla cucina del ristorante.Lo consiglio vivamente, sicuramente ci ritorneremo.;05/07/2019;sp
atty59;Hotel Royal Falcone;Nuovissima struttura, super moderna, stanze ampie, atmosfera con luci colorate in doccia, luce di cortesia toilette, arredamento moderno avvolgente, punti luce touch-screen con led blu il personale gentile e professionale, colazione favolosa.;05/07/2019;sp
atty59;Hotel San Giorgio Matera Albergo Diffuso nei Sassi;era mio desiderio visitare la città di Napoli (stupenda) e con mio marito siamo riusciti a trovare un gradevolissimo b&b gestito dalla simpaticissima signora Federica alla quale non mancano garbo e disponibilità.Ottima la stanza con vista sull'isola di Capri e comoda la posizione dalla quale attraverso la Cumana si possono raggiungere velocemente le zone più centrali della città.Anche con gli altri ospiti si respirava un clima familiare.Ci tornerò.;05/07/2019;sp
atty59;Hotel San Siro;Io sono andata quando ero piccola con i miei nonni e ci siamo trovati benissimo... Lo staff ti tratta come uno di famiglia... Il cibo è ottimo e ci sono diverse scelte.... È veramente vicino al mare devi solo attraversare la strada... I titolari sono veramente delle bravissime persone.. Spero di riuscire a tornare lì per avere altri ricordi con la mia famiglia. Grazie per i bellissimi ricordi....lo consiglio;05/07/2019;so
atty59;Hotel Sorapiss;Stanze bellissime e pulite in zona residenziale e piena di negozi, posizione ottima vicina alle vie più belle del centro di San Benedetto, proprietaria gentile e disponibile per ogni esigenza.Ci tornerò sicuramente!;05/07/2019;sp
atty59;Hotel Sporting Rimini;Abbiamo soggiornato presso l hotel Halanus per il nostro anniversario ed abbiamo scelto la suite 'Terra'..l'atmosfera in camera è davvero romantica..idromassaggio e sauna spettacolari..personale gentile e molto cortese..torneremo sicuramente per provare anche le altre suite a tema!consigliatissimo!…;05/07/2019;ce
atty59;Hotel Stockholm;Cercavo una bella struttura ad un prezzo competitivo, a Bologna per motivi di famiglia.Mi sono fidata delle recensioni e sono stata pienamente soddisfatta, così come i miei compagni di viaggio!Ho contattato la struttura, dopo ricerche su Internet ed offerte varie, ed effettivamente la migliore offerta era quella diretta dal sito, davvero una sciocchezza per 2 stanze ( 150 € tot con colazione e servizi inclusi).Ci hanno dato 2 camere una di fronte all'altra, una doppia uso singola ed una doppia ( eravamo in 3 adulti), spiegandoci tutti i servizi inclusi nell'offerta online ( e che offerta!), acqua inclusa nel minibar. Il personale è stato molto gentile e disponibile ed alla mia osservazione di odore di fumo nella stanza NON fumatori, hanno provveduto a renderla piacevole e profumata al nostro rientro in hotel.Abbiamo usufruito del solarium, palestra e jacuzzi situati al 6° ed ultimo piano, rendendo questo  seppur breve soggiorno molto piacevole.Ci hanno anche offerto un welcome drink a piacere, a scelta dal semplice analcolico al super cocktail, che abbiamo gustato nel solarium rilassandoci.Colazione molto ricca ed abbondante, italiana ed internazionale.Hotel sold out e lo abbiamo visto proprio a colazione.Al check out ci è stato fatto uno sconto - a sorpresa - di 15 € per il disagio dell'odore del fumo e lo scambio delle due stanze (ci hanno dato la doppia uso singola con i servizi ed asciugamani per una persona ed a mio fratello - nell'altra stanza, tutto per due), ma non è stato un problema, perchè le camere erano uguali e ciò che mancava da noi, lo abbiamo preso da lui.Oggi ho ricevuto una mail di ringraziamento per il soggiorno, molto gradita.Non posso far altro che consigliare questo hotel a chiunque, sia per il servizio che per la qualità che per la vicinanza al centro storico ( 10 minuti circa), che per i prezzi ultracompetitivi ( ho guardato anche i b&b e costavano di più!)Grazie mille Savhotel!;05/07/2019;ce
atty59;Hotel Stresa;In viaggio per lavoro,abbiamo deciso di soggiornare una notte in questo hotel,perchè abbastanza vicino alle arterie stradali,ma molto tranquillo come posizione.Infatti così è stato,si trova a quasi 1000 mt di altezza.La suite prenotata, aveva una terrazza molto grande e vista da sogno su Bergamo.Circondati da alberi,dai monti di Bergamo e dalla tranquillità.I proprietari molto disponibili,e gentili.Pulizia eccelente.Colazione abbondante sia dolce che salata.Da tornarci per una vacanza;05/07/2019;sp
atty59;Hotel Tirreno;Il beb è proprio a due passi dalle maggiori attrazioni di Palermo. Essendo senza auto, inutile a Palermo, abbiamo girato ovunque a piedi. Bus dall'aeroporto ti lascia a cento metri dal beb. La strada , pedonale , piena di bei locali e luminosa. La stanza con bagno privato esterno, pulita e quasi nuova. Materasso e cuscini confortevoli. Nessun rumore notturno. Bagno pulito con tutto il kit e doccia cromatica. Colazione dolce e salata con pasticceria del posto freschissima e frutta fresca. Appartamento molto carino e ordinato. Completa la gentilezza del proprietario Simone, che ti accoglie con consigli e sorrisi. Che volere di più ?;05/07/2019;so
atty59;Hotel Torino Porta Susa;Vacanza mamma e figlia.Eccezionale sia la location che il personale, vista sulla baia meravigliosa, stanze molto accoglienti, piscina stupenda, vacanza da sogno e da ripetere. Un grazie a tutto lo staff .;05/07/2019;sp
atty59;Hotel Touring;L'albergo, situato al centro di un grazioso paesino, ha camere molto confortevoli, ampie e ben arredate il bagno moderno, con doccia e vasca, le camere godono, inoltre di un bel panorama. Lo staff e' cortese e gentile. La colazione e' abbondante.;05/07/2019;sp
atty59;Hotel Trieste;Ottima struttura, ho soggiornato qui piu di una volta ed è sempre pulita e ben messa, angolo cottura con l indispensabile e la struttura è strategicamente ubicata vicino ad austrate....propretari sempre disponibili;05/07/2019;sp
atty59;Hotel Venezia;Abbiamo alloggiato qui per 3 giorni con un bimbo piccolo!! Posizione strategica, veramente a 2 passi dal mare e dal centro, camere con vista mare a richiesta, personale accogliente e disponibile ottima mini-vacanza! La foto è della vista dalla finestra;05/07/2019;sp
atty59;Hotel Villa Ducale;sono andato in questo hotel per una notta con la mia famiglia,ma non ci rtornerò sicuramente più per questi motivi: muri e pavimenti delle camere sporche, colazione molto ridotta,disorganizzazione totale, tv in camera rotta,bagno piccolissimo e scomodo.;05/07/2019;so
atty59;Hotel Villa Enrica - Aeolian Charme;Struttura recentissima estremamente moderna con gusto costruita sul recupero di in azienda tessile di cui è mantenuto il corpo principale Nonostante la sua dimensione , la sua capienza è  di circa 170 camere ,non sfugge L attenzione anche al più piccolo particolare grazie ad uno staff giovane attento e professionale Due i ristoranti entrambi validi di cui uno ,la terrazza 241 dov è situata la piscina a sfioro ,con suggestiva vista sul lago ,merita anche solo per un aperitivoGradevole la spa che con la palestra completano la possibilità di un totale relax;05/07/2019;so
atty59;Hotel Villa Flori;Sono stato 2 notti è nulla da ridire... posto stupendo Pescina spettacolare, stanze ben pulite e struttura nuova e ben curata, magari da rivedere un po’ gli arredamenti degli appuntamenti un po’ datati. Qualcosa da ridire sul ristorante.... nel 2018 non ci si può comportare in quel barbaro modo... sono stato costretto a mangiare tutto... dagli antipasti al primo al secondo con anche un dolce.... pur volendo mandare indietro qualcosa non è stato possibile.... ERA TUTTO OTTIMO...??.... allego solo la foto del primo piatto di antipasto... il resto lo evito, potrebbero causare grossi problemi ai deboli di cuore... lo consiglio? Ma certo, andate e naturalmente cenate ... Buon Soggiorno;05/07/2019;sp
atty59;Hydria Residence;Ottima struttura, personale disponibilissimo. Pulizie dei servizi molto buona. Dopo parecchi anni che andiamo, per noi è sempre un po' come tornare a casa. Buonissimo ristorante. Posto ideale per rilassarsi.;05/07/2019;sp
atty59;Il Castellaro Country House;si trova nel centro del piccolo paese, molto ben messo, curato con parcheggio gratuito da cui si sale in camera, camere grandi, arredi in legno tipico del sud tirolo, pulito, silenzioso, colazione abbondante e varia. Suscitano subito molta simpatia con la loro disponibilità e gentilezza e pronti al dialogo. può essere un ottimo punto di appoggio volendo risiedere per qualche giorno;05/07/2019;sp
atty59;Il Nespolo;Non ho potuto soggiornare nell’Hotel per una serie di imprevisti. Nell’occasione ho avuto modo di apprezzare la cortesia e la disponibilità del personale nel venire incontro alle mie mutate esigenze. Un importante premessa sulla qualità della struttura.;05/07/2019;so
atty59;In Riva al Lago Bed & Breakfast;Bello, accogliente e personale veramente gentile ed ospitale, le camere sono carine e sopratutto pulite. Abbiamo soggiornato una notte in moto, ottima la disponibilità di parcheggio recintato per auto e moto. La foto che ho inserita é stata fatta dalla terrazza. Vorrei ringraziare il sig. Enrico per la sua ospitalità dato che sono stato in altre strutture il Liguria ma onestamente il personale non è mai stato così gentile ed educato. Consiglio per tutti coloro che vogliono visitare le 5 Terre usate il treno per gli spostamenti costa solo 16€/gg e vi permette un uso senza limiti della rete ferroviaria da La Spezia a Levanto.;05/07/2019;sp
atty59;Infinity Resort Tropea;Fine settimana con amici, sistemazione confortevole, buona accoglienza, comodo, pulito, collegato benissimo con la Rocca e la città vecchia....buona colazione, discreto il ristorante, buoni piatti e , purtroppo, alcune cadute come ad esempio, una sera pasta servita parzialmente fredda....tuttavia, dovendo tornare a Perugia, mi ci fermerei di nuovo....;05/07/2019;lx
atty59;La Brace Hotel Ristorante;Sorpresi da tanta inaspettata bellezza e qualità del prodotto scelto. Ci aspettavamo di finire in una camera d'albergo come tante, abbiamo invece trascorso un fine settimana in un'oasi green di pace, ospiti paganti in una villettina mono-famigliare moderna, tutta in legno e vetrate, pulitisssima e super accessoriata (con tanto di vasca jacuzzi nella camera da letto principale). Giardino privato con ulivi e cicale e bella piscina comune inclusi nel prezzo. Merita davvero rimanerci molto di più di un weekend.;05/07/2019;ce
atty59;La Casa di Ele;Abbiamo scelto questo hotel per la prima vacanza con la nostra bimba. Già dalla prenotazione, il personale mi ha assistito e risposto a ogni domanda. Abbiamo scelto una splendida fronte mare a 10 mt dalla spiaggia, anche se piccolina ma adatta al poco tempo passato al suo interno. Ottima la pulizia e splendido bagno. La colazione viene servita al piano terra e comprende dolci freschissimi molto apprezzati da tutti noi. La formula all inclusive da la possibilità di mangiare a scelta presso diverse strutture vicine, specializzate su pesce e pizza. In definitiva vale molto più di quanto abbia speso, il servizio e la cortesia da soli valgono il voto positivo. Non vi sembrerà di soggiornare presso un 3 stelle. Ci torneremo sicuramente;05/07/2019;sp
atty59;La Casa Nella Prateria;Bello, comodo, funzionale, buona la posizione, camere belle, colazione mai vista prima, personale qualificato lo consiglio, buono il ristorante adatto per business lunch, arredamento stupendo, drink buoni;05/07/2019;so
atty59;La Locanda di Giada;Domenica 30 giugno, io e altre 15 persone circa, ci rechiamo presso “La panoramica”, entusiasti di passare una bellissima giornata in compagnia e all’insegna del divertimento. Arriviamo verso le ore 10.30 circa e la titolare ( fingendo gentilezza ) ci accoglie. Sin da subito, educatamente, chiediamo se sia possibile tenere un po’ di musica ( a volume decente ) all’interno della piscina e la signora ci da il via libera, chiedendo, ovviamente, di rispettare le altre persone che sono presenti e di non esagerare con il volume.  Comincia la nostra giornata. Dopo esserci messi d’accordo con la titolare del posto che il pranzo sarebbe stato l’ideale verso le 13, proprio a quell’ora, dopo aver fatto un bel bagno, la nostra bella tavola apparecchiata è pronta! Con un piccolissimo problema, siamo quasi tutti completamente esposti al sole, e per un qualsiasi sconosciuto motivo, c’è una tettoia proprio all’ingresso tutta all’ombra, completamente vuota! Fortunatamente un simpatico signore Con il suo splendido carretto blu, ci porta due ombrelloni per ripararci da quella che sarebbe potuta trasformarsi nella giornata delle ustioni atroci. Finito l’ottimo pranzo, tra una chiacchiera e l’altra,  decidiamo di rifarci un bel bagno in piscina. In piscina sono presenti svariate famiglie e coppie che in alcun modo si lamentano, anzi, nell’ascoltare la musica si divertono quasi insieme a noi. Verso le ore 3 circa veniamo CACCIATI dal posto, in quanto la povera signora è stata vittima di lamentele da parte di altre persone ( a noi sconosciute ovviamente) che non riuscivano a riposare nelle stanze al di sopra della struttura. Dicendoci inoltre che non immaginava che saremmo rimasti anche dopo pranzo. È ovvio, che 16 ragazzi che arrivano alle 10.30 vanno via alle 14 dopo aver fatto pranzo no? Tra l’altro, le altre persone presenti in piscina, nel vederci andar via e avendo capito cosa fosse successo e il perché stessimo sgomberando tutto, ci chiedono di rimanere senza dargliela vinta e che loro con noi e con la nostra musica si stavano divertendo! Eh signora signora.. sicuramente non torneremo mai più in questo posto dove siamo stati trattati in maniera sgradevole. Ma ringraziamo la signora, per averci dato conferma che è proprio vero che l’educazione il buon senso stanno bene ovunque!    P.s.: un amaro 4 euro manco da Carlo Cracco.…;05/07/2019;so
atty59;La Panoramica;L'hotel in sè è perfetto: comodo da raggiungere, in comoda posizione fronte lago, non moderno ma con uno stile che accoglie e scalda. Ottima la camera, la dotazione fornita e la pulizia.Purtroppo non abbiamo potuto usufruire del ristorante causa cena aziendale in corso (anche se avremmo apprezzato saperlo al momento della prenotazione).Non abbiamo potuto usufruire della colazione causa sveglia tardi.Unica nota stonata è che, proprio a causa della cena aziendale, ci è stato consigliato un ristorante accanto all'hotel. Confidando nello stesso livello dell'hotel ci siamo trovati in una griglieria triste, vuota, fredda e senza possibilità di pagamento con carta di credito. Uno scivolone non da poco.Per il resto, ripeto, la struttura dell'hotel in sé la consiglio.;05/07/2019;sp
atty59;La Smorfia;Sono stato tre giorni  e sono rimasto molto soddisfatto della permanenza in questo camping piscina non molto bella ma con 40 gradi diventa bella, stanze molto belle anche se un po' piccoline ma ne vale la pena farsi una vacanza qui;05/07/2019;ce
atty59;You & Me Beach Hotel;Ho trascorso solamente un giorno e una notte a Viserbella per motivi di lavoro ma è stato sufficiente per apprezzare la qualità dei servizi e la location invidiabile del You & Me beach hotel: vista mare fantastica, posizione perfetta (sei praticamente sulla spiaggia), bella piscina, stanze confortevoli e spaziose, colazione con prodotti selezionati e di ottima qualità. Tornerò sicuramente, questa volta però per un soggiorno più lungo e di puro relax.;05/07/2019;sp
